image_path,label
desafio_ia_vortex_v1/img_0.jpg,cow
desafio_ia_vortex_v1/img_1.jpg,cow
desafio_ia_vortex_v1/img_2.jpg,cow
desafio_ia_vortex_v1/img_3.jpg,cow
desafio_ia_vortex_v1/img_4.jpg,cow
desafio_ia_vortex_v1/img_5.jpg,cow
desafio_ia_vortex_v1/img_6.jpg,cow
desafio_ia_vortex_v1/img_7.jpg,cow
desafio_ia_vortex_v1/img_8.jpg,cow
desafio_ia_vortex_v1/img_9.jpg,cow
desafio_ia_vortex_v1/img_10.jpg,cow
desafio_ia_vortex_v1/img_11.jpg,cow
desafio_ia_vortex_v1/img_12.jpg,cow
desafio_ia_vortex_v1/img_13.jpg,cow
desafio_ia_vortex_v1/img_14.jpg,cow
desafio_ia_vortex_v1/img_15.jpg,cow
desafio_ia_vortex_v1/img_16.jpg,cow
desafio_ia_vortex_v1/img_17.jpg,cow
desafio_ia_vortex_v1/img_18.jpg,cow
desafio_ia_vortex_v1/img_19.jpg,cow
desafio_ia_vortex_v1/img_20.jpg,cow
desafio_ia_vortex_v1/img_21.jpg,cow
desafio_ia_vortex_v1/img_22.jpg,cow
desafio_ia_vortex_v1/img_23.jpg,cow
desafio_ia_vortex_v1/img_24.jpg,cow
desafio_ia_vortex_v1/img_25.jpg,cow
desafio_ia_vortex_v1/img_26.jpg,cow
desafio_ia_vortex_v1/img_27.jpg,cow
desafio_ia_vortex_v1/img_28.jpg,cow
desafio_ia_vortex_v1/img_29.jpg,cow
desafio_ia_vortex_v1/img_30.jpg,cow
desafio_ia_vortex_v1/img_31.jpg,cow
desafio_ia_vortex_v1/img_32.jpg,cow
desafio_ia_vortex_v1/img_33.jpg,cow
desafio_ia_vortex_v1/img_34.jpg,cow
desafio_ia_vortex_v1/img_35.jpg,cow
desafio_ia_vortex_v1/img_36.jpg,cow
desafio_ia_vortex_v1/img_37.jpg,cow
desafio_ia_vortex_v1/img_38.jpg,cow
desafio_ia_vortex_v1/img_39.jpg,cow
desafio_ia_vortex_v1/img_40.jpg,cow
desafio_ia_vortex_v1/img_41.jpg,cow
desafio_ia_vortex_v1/img_42.jpg,cow
desafio_ia_vortex_v1/img_43.jpg,cow
desafio_ia_vortex_v1/img_44.jpg,cow
desafio_ia_vortex_v1/img_45.jpg,cow
desafio_ia_vortex_v1/img_46.jpg,cow
desafio_ia_vortex_v1/img_47.jpg,cow
desafio_ia_vortex_v1/img_48.jpg,cow
desafio_ia_vortex_v1/img_49.jpg,cow
desafio_ia_vortex_v1/img_50.jpg,cow
desafio_ia_vortex_v1/img_51.jpg,cow
desafio_ia_vortex_v1/img_52.jpg,cow
desafio_ia_vortex_v1/img_53.jpg,cow
desafio_ia_vortex_v1/img_54.jpg,cow
desafio_ia_vortex_v1/img_55.jpg,cow
desafio_ia_vortex_v1/img_56.jpg,cow
desafio_ia_vortex_v1/img_57.jpg,cow
desafio_ia_vortex_v1/img_58.jpg,cow
desafio_ia_vortex_v1/img_59.jpg,cow
desafio_ia_vortex_v1/img_60.jpg,cow
desafio_ia_vortex_v1/img_61.jpg,cow
desafio_ia_vortex_v1/img_62.jpg,cow
desafio_ia_vortex_v1/img_63.jpg,cow
desafio_ia_vortex_v1/img_64.jpg,cow
desafio_ia_vortex_v1/img_65.jpg,cow
desafio_ia_vortex_v1/img_66.jpg,cow
desafio_ia_vortex_v1/img_67.jpg,cow
desafio_ia_vortex_v1/img_68.jpg,cow
desafio_ia_vortex_v1/img_69.jpg,cow
desafio_ia_vortex_v1/img_70.jpg,cow
desafio_ia_vortex_v1/img_71.jpg,cow
desafio_ia_vortex_v1/img_72.jpg,cow
desafio_ia_vortex_v1/img_73.jpg,cow
desafio_ia_vortex_v1/img_74.jpg,cow
desafio_ia_vortex_v1/img_75.jpg,cow
desafio_ia_vortex_v1/img_76.jpg,cow
desafio_ia_vortex_v1/img_77.jpg,cow
desafio_ia_vortex_v1/img_78.jpg,cow
desafio_ia_vortex_v1/img_79.jpg,cow
desafio_ia_vortex_v1/img_80.jpg,cow
desafio_ia_vortex_v1/img_81.jpg,cow
desafio_ia_vortex_v1/img_82.jpg,cow
desafio_ia_vortex_v1/img_83.jpg,cow
desafio_ia_vortex_v1/img_84.jpg,cow
desafio_ia_vortex_v1/img_85.jpg,cow
desafio_ia_vortex_v1/img_86.jpg,cow
desafio_ia_vortex_v1/img_87.jpg,cow
desafio_ia_vortex_v1/img_88.jpg,cow
desafio_ia_vortex_v1/img_89.jpg,cow
desafio_ia_vortex_v1/img_90.jpg,cow
desafio_ia_vortex_v1/img_91.jpg,cow
desafio_ia_vortex_v1/img_92.jpg,cow
desafio_ia_vortex_v1/img_93.jpg,cow
desafio_ia_vortex_v1/img_94.jpg,cow
desafio_ia_vortex_v1/img_95.jpg,cow
desafio_ia_vortex_v1/img_96.jpg,cow
desafio_ia_vortex_v1/img_97.jpg,cow
desafio_ia_vortex_v1/img_98.jpg,cow
desafio_ia_vortex_v1/img_99.jpg,cow
desafio_ia_vortex_v1/img_100.jpg,cow
desafio_ia_vortex_v1/img_101.jpg,cow
desafio_ia_vortex_v1/img_102.jpg,cow
desafio_ia_vortex_v1/img_103.jpg,cow
desafio_ia_vortex_v1/img_104.jpg,cow
desafio_ia_vortex_v1/img_105.jpg,cow
desafio_ia_vortex_v1/img_106.jpg,cow
desafio_ia_vortex_v1/img_107.jpg,cow
desafio_ia_vortex_v1/img_108.jpg,cow
desafio_ia_vortex_v1/img_109.jpg,cow
desafio_ia_vortex_v1/img_110.jpg,cow
desafio_ia_vortex_v1/img_111.jpg,cow
desafio_ia_vortex_v1/img_112.jpg,cow
desafio_ia_vortex_v1/img_113.jpg,cow
desafio_ia_vortex_v1/img_114.jpg,cow
desafio_ia_vortex_v1/img_115.jpg,cow
desafio_ia_vortex_v1/img_116.jpg,cow
desafio_ia_vortex_v1/img_117.jpg,cow
desafio_ia_vortex_v1/img_118.jpg,cow
desafio_ia_vortex_v1/img_119.jpg,cow
desafio_ia_vortex_v1/img_120.jpg,cow
desafio_ia_vortex_v1/img_121.jpg,cow
desafio_ia_vortex_v1/img_122.jpg,cow
desafio_ia_vortex_v1/img_123.jpg,cow
desafio_ia_vortex_v1/img_124.jpg,cow
desafio_ia_vortex_v1/img_125.jpg,cow
desafio_ia_vortex_v1/img_126.jpg,cow
desafio_ia_vortex_v1/img_127.jpg,cow
desafio_ia_vortex_v1/img_128.jpg,cow
desafio_ia_vortex_v1/img_129.jpg,cow
desafio_ia_vortex_v1/img_130.jpg,cow
desafio_ia_vortex_v1/img_131.jpg,cow
desafio_ia_vortex_v1/img_132.jpg,cow
desafio_ia_vortex_v1/img_133.jpg,cow
desafio_ia_vortex_v1/img_134.jpg,cow
desafio_ia_vortex_v1/img_135.jpg,cow
desafio_ia_vortex_v1/img_136.jpg,cow
desafio_ia_vortex_v1/img_137.jpg,cow
desafio_ia_vortex_v1/img_138.jpg,cow
desafio_ia_vortex_v1/img_139.jpg,cow
desafio_ia_vortex_v1/img_140.jpg,cow
desafio_ia_vortex_v1/img_141.jpg,cow
desafio_ia_vortex_v1/img_142.jpg,cow
desafio_ia_vortex_v1/img_143.jpg,cow
desafio_ia_vortex_v1/img_144.jpg,cow
desafio_ia_vortex_v1/img_145.jpg,cow
desafio_ia_vortex_v1/img_146.jpg,cow
desafio_ia_vortex_v1/img_147.jpg,cow
desafio_ia_vortex_v1/img_148.jpg,cow
desafio_ia_vortex_v1/img_149.jpg,cow
desafio_ia_vortex_v1/img_150.jpg,cow
desafio_ia_vortex_v1/img_151.jpg,cow
desafio_ia_vortex_v1/img_152.jpg,cow
desafio_ia_vortex_v1/img_153.jpg,cow
desafio_ia_vortex_v1/img_154.jpg,cow
desafio_ia_vortex_v1/img_155.jpg,cow
desafio_ia_vortex_v1/img_156.jpg,cow
desafio_ia_vortex_v1/img_157.jpg,cow
desafio_ia_vortex_v1/img_158.jpg,cow
desafio_ia_vortex_v1/img_159.jpg,cow
desafio_ia_vortex_v1/img_160.jpg,cow
desafio_ia_vortex_v1/img_161.jpg,cow
desafio_ia_vortex_v1/img_162.jpg,cow
desafio_ia_vortex_v1/img_163.jpg,cow
desafio_ia_vortex_v1/img_164.jpg,cow
desafio_ia_vortex_v1/img_165.jpg,cow
desafio_ia_vortex_v1/img_166.jpg,cow
desafio_ia_vortex_v1/img_167.jpg,cow
desafio_ia_vortex_v1/img_168.jpg,cow
desafio_ia_vortex_v1/img_169.jpg,cow
desafio_ia_vortex_v1/img_170.jpg,cow
desafio_ia_vortex_v1/img_171.jpg,cow
desafio_ia_vortex_v1/img_172.jpg,cow
desafio_ia_vortex_v1/img_173.jpg,cow
desafio_ia_vortex_v1/img_174.jpg,cow
desafio_ia_vortex_v1/img_175.jpg,cow
desafio_ia_vortex_v1/img_176.jpg,cow
desafio_ia_vortex_v1/img_177.jpg,cow
desafio_ia_vortex_v1/img_178.jpg,cow
desafio_ia_vortex_v1/img_179.jpg,cow
desafio_ia_vortex_v1/img_180.jpg,cow
desafio_ia_vortex_v1/img_181.jpg,cow
desafio_ia_vortex_v1/img_182.jpg,cow
desafio_ia_vortex_v1/img_183.jpg,cow
desafio_ia_vortex_v1/img_184.jpg,cow
desafio_ia_vortex_v1/img_185.jpg,cow
desafio_ia_vortex_v1/img_186.jpg,cow
desafio_ia_vortex_v1/img_187.jpg,cow
desafio_ia_vortex_v1/img_188.jpg,cow
desafio_ia_vortex_v1/img_189.jpg,cow
desafio_ia_vortex_v1/img_190.jpg,cow
desafio_ia_vortex_v1/img_191.jpg,cow
desafio_ia_vortex_v1/img_192.jpg,cow
desafio_ia_vortex_v1/img_193.jpg,cow
desafio_ia_vortex_v1/img_194.jpg,cow
desafio_ia_vortex_v1/img_195.jpg,cow
desafio_ia_vortex_v1/img_196.jpg,cow
desafio_ia_vortex_v1/img_197.jpg,cow
desafio_ia_vortex_v1/img_198.jpg,cow
desafio_ia_vortex_v1/img_199.jpg,cow
desafio_ia_vortex_v1/img_200.jpg,cow
desafio_ia_vortex_v1/img_201.jpg,cow
desafio_ia_vortex_v1/img_202.jpg,cow
desafio_ia_vortex_v1/img_203.jpg,cow
desafio_ia_vortex_v1/img_204.jpg,cow
desafio_ia_vortex_v1/img_205.jpg,cow
desafio_ia_vortex_v1/img_206.jpg,cow
desafio_ia_vortex_v1/img_207.jpg,cow
desafio_ia_vortex_v1/img_208.jpg,cow
desafio_ia_vortex_v1/img_209.jpg,cow
desafio_ia_vortex_v1/img_210.jpg,cow
desafio_ia_vortex_v1/img_211.jpg,cow
desafio_ia_vortex_v1/img_212.jpg,cow
desafio_ia_vortex_v1/img_213.jpg,cow
desafio_ia_vortex_v1/img_214.jpg,cow
desafio_ia_vortex_v1/img_215.jpg,cow
desafio_ia_vortex_v1/img_216.jpg,cow
desafio_ia_vortex_v1/img_217.jpg,cow
desafio_ia_vortex_v1/img_218.jpg,cow
desafio_ia_vortex_v1/img_219.jpg,cow
desafio_ia_vortex_v1/img_220.jpg,cow
desafio_ia_vortex_v1/img_221.jpg,cow
desafio_ia_vortex_v1/img_222.jpg,cow
desafio_ia_vortex_v1/img_223.jpg,cow
desafio_ia_vortex_v1/img_224.jpg,cow
desafio_ia_vortex_v1/img_225.jpg,cow
desafio_ia_vortex_v1/img_226.jpg,cow
desafio_ia_vortex_v1/img_227.jpg,cow
desafio_ia_vortex_v1/img_228.jpg,cow
desafio_ia_vortex_v1/img_229.jpg,cow
desafio_ia_vortex_v1/img_230.jpg,cow
desafio_ia_vortex_v1/img_231.jpg,cow
desafio_ia_vortex_v1/img_232.jpg,cow
desafio_ia_vortex_v1/img_233.jpg,cow
desafio_ia_vortex_v1/img_234.jpg,cow
desafio_ia_vortex_v1/img_235.jpg,cow
desafio_ia_vortex_v1/img_236.jpg,cow
desafio_ia_vortex_v1/img_237.jpg,cow
desafio_ia_vortex_v1/img_238.jpg,cow
desafio_ia_vortex_v1/img_239.jpg,cow
desafio_ia_vortex_v1/img_240.jpg,cow
desafio_ia_vortex_v1/img_241.jpg,cow
desafio_ia_vortex_v1/img_242.jpg,cow
desafio_ia_vortex_v1/img_243.jpg,cow
desafio_ia_vortex_v1/img_244.jpg,cow
desafio_ia_vortex_v1/img_245.jpg,cow
desafio_ia_vortex_v1/img_246.jpg,cow
desafio_ia_vortex_v1/img_247.jpg,cow
desafio_ia_vortex_v1/img_248.jpg,cow
desafio_ia_vortex_v1/img_249.jpg,cow
desafio_ia_vortex_v1/img_250.jpg,cow
desafio_ia_vortex_v1/img_251.jpg,cow
desafio_ia_vortex_v1/img_252.jpg,cow
desafio_ia_vortex_v1/img_253.jpg,cow
desafio_ia_vortex_v1/img_254.jpg,cow
desafio_ia_vortex_v1/img_255.jpg,cow
desafio_ia_vortex_v1/img_256.jpg,cow
desafio_ia_vortex_v1/img_257.jpg,cow
desafio_ia_vortex_v1/img_258.jpg,cow
desafio_ia_vortex_v1/img_259.jpg,cow
desafio_ia_vortex_v1/img_260.jpg,cow
desafio_ia_vortex_v1/img_261.jpg,cow
desafio_ia_vortex_v1/img_262.jpg,cow
desafio_ia_vortex_v1/img_263.jpg,cow
desafio_ia_vortex_v1/img_264.jpg,cow
desafio_ia_vortex_v1/img_265.jpg,cow
desafio_ia_vortex_v1/img_266.jpg,cow
desafio_ia_vortex_v1/img_267.jpg,cow
desafio_ia_vortex_v1/img_268.jpg,cow
desafio_ia_vortex_v1/img_269.jpg,cow
desafio_ia_vortex_v1/img_270.jpg,cow
desafio_ia_vortex_v1/img_271.jpg,cow
desafio_ia_vortex_v1/img_272.jpg,cow
desafio_ia_vortex_v1/img_273.jpg,cow
desafio_ia_vortex_v1/img_274.jpg,cow
desafio_ia_vortex_v1/img_275.jpg,cow
desafio_ia_vortex_v1/img_276.jpg,goat
desafio_ia_vortex_v1/img_277.jpg,goat
desafio_ia_vortex_v1/img_278.jpg,goat
desafio_ia_vortex_v1/img_279.jpg,goat
desafio_ia_vortex_v1/img_280.jpg,goat
desafio_ia_vortex_v1/img_281.jpg,goat
desafio_ia_vortex_v1/img_282.jpg,goat
desafio_ia_vortex_v1/img_283.jpg,goat
desafio_ia_vortex_v1/img_284.jpg,goat
desafio_ia_vortex_v1/img_285.jpg,goat
desafio_ia_vortex_v1/img_286.jpg,goat
desafio_ia_vortex_v1/img_287.jpg,goat
desafio_ia_vortex_v1/img_288.jpg,goat
desafio_ia_vortex_v1/img_289.jpg,goat
desafio_ia_vortex_v1/img_290.jpg,goat
desafio_ia_vortex_v1/img_291.jpg,goat
desafio_ia_vortex_v1/img_292.jpg,goat
desafio_ia_vortex_v1/img_293.jpg,goat
desafio_ia_vortex_v1/img_294.jpg,goat
desafio_ia_vortex_v1/img_295.jpg,goat
desafio_ia_vortex_v1/img_296.jpg,goat
desafio_ia_vortex_v1/img_297.jpg,goat
desafio_ia_vortex_v1/img_298.jpg,goat
desafio_ia_vortex_v1/img_299.jpg,goat
desafio_ia_vortex_v1/img_300.jpg,goat
desafio_ia_vortex_v1/img_301.jpg,goat
desafio_ia_vortex_v1/img_302.jpg,goat
desafio_ia_vortex_v1/img_303.jpg,goat
desafio_ia_vortex_v1/img_304.jpg,goat
desafio_ia_vortex_v1/img_305.jpg,goat
desafio_ia_vortex_v1/img_306.jpg,goat
desafio_ia_vortex_v1/img_307.jpg,goat
desafio_ia_vortex_v1/img_308.jpg,goat
desafio_ia_vortex_v1/img_309.jpg,goat
desafio_ia_vortex_v1/img_310.jpg,goat
desafio_ia_vortex_v1/img_311.jpg,goat
desafio_ia_vortex_v1/img_312.jpg,goat
desafio_ia_vortex_v1/img_313.jpg,goat
desafio_ia_vortex_v1/img_314.jpg,goat
desafio_ia_vortex_v1/img_315.jpg,goat
desafio_ia_vortex_v1/img_316.jpg,goat
desafio_ia_vortex_v1/img_317.jpg,goat
desafio_ia_vortex_v1/img_318.jpg,goat
desafio_ia_vortex_v1/img_319.jpg,goat
desafio_ia_vortex_v1/img_320.jpg,goat
desafio_ia_vortex_v1/img_321.jpg,goat
desafio_ia_vortex_v1/img_322.jpg,goat
desafio_ia_vortex_v1/img_323.jpg,goat
desafio_ia_vortex_v1/img_324.jpg,goat
desafio_ia_vortex_v1/img_325.jpg,goat
desafio_ia_vortex_v1/img_326.jpg,goat
desafio_ia_vortex_v1/img_327.jpg,goat
desafio_ia_vortex_v1/img_328.jpg,goat
desafio_ia_vortex_v1/img_329.jpg,goat
desafio_ia_vortex_v1/img_330.jpg,goat
desafio_ia_vortex_v1/img_331.jpg,goat
desafio_ia_vortex_v1/img_332.jpg,goat
desafio_ia_vortex_v1/img_333.jpg,goat
desafio_ia_vortex_v1/img_334.jpg,goat
desafio_ia_vortex_v1/img_335.jpg,goat
desafio_ia_vortex_v1/img_336.jpg,goat
desafio_ia_vortex_v1/img_337.jpg,goat
desafio_ia_vortex_v1/img_338.jpg,goat
desafio_ia_vortex_v1/img_339.jpg,goat
desafio_ia_vortex_v1/img_340.jpg,goat
desafio_ia_vortex_v1/img_341.jpg,goat
desafio_ia_vortex_v1/img_342.jpg,goat
desafio_ia_vortex_v1/img_343.jpg,goat
desafio_ia_vortex_v1/img_344.jpg,goat
desafio_ia_vortex_v1/img_345.jpg,goat
desafio_ia_vortex_v1/img_346.jpg,goat
desafio_ia_vortex_v1/img_347.jpg,goat
desafio_ia_vortex_v1/img_348.jpg,goat
desafio_ia_vortex_v1/img_349.jpg,goat
desafio_ia_vortex_v1/img_350.jpg,goat
desafio_ia_vortex_v1/img_351.jpg,goat
desafio_ia_vortex_v1/img_352.jpg,goat
desafio_ia_vortex_v1/img_353.jpg,goat
desafio_ia_vortex_v1/img_354.jpg,goat
desafio_ia_vortex_v1/img_355.jpg,goat
desafio_ia_vortex_v1/img_356.jpg,goat
desafio_ia_vortex_v1/img_357.jpg,goat
desafio_ia_vortex_v1/img_358.jpg,goat
desafio_ia_vortex_v1/img_359.jpg,goat
desafio_ia_vortex_v1/img_360.jpg,goat
desafio_ia_vortex_v1/img_361.jpg,goat
desafio_ia_vortex_v1/img_362.jpg,goat
desafio_ia_vortex_v1/img_363.jpg,goat
desafio_ia_vortex_v1/img_364.jpg,goat
desafio_ia_vortex_v1/img_365.jpg,goat
desafio_ia_vortex_v1/img_366.jpg,goat
desafio_ia_vortex_v1/img_367.jpg,goat
desafio_ia_vortex_v1/img_368.jpg,goat
desafio_ia_vortex_v1/img_369.jpg,goat
desafio_ia_vortex_v1/img_370.jpg,goat
desafio_ia_vortex_v1/img_371.jpg,goat
desafio_ia_vortex_v1/img_372.jpg,goat
desafio_ia_vortex_v1/img_373.jpg,goat
desafio_ia_vortex_v1/img_374.jpg,goat
desafio_ia_vortex_v1/img_375.jpg,goat
desafio_ia_vortex_v1/img_376.jpg,goat
desafio_ia_vortex_v1/img_377.jpg,goat
desafio_ia_vortex_v1/img_378.jpg,goat
desafio_ia_vortex_v1/img_379.jpg,goat
desafio_ia_vortex_v1/img_380.jpg,goat
desafio_ia_vortex_v1/img_381.jpg,goat
desafio_ia_vortex_v1/img_382.jpg,goat
desafio_ia_vortex_v1/img_383.jpg,goat
desafio_ia_vortex_v1/img_384.jpg,goat
desafio_ia_vortex_v1/img_385.jpg,goat
desafio_ia_vortex_v1/img_386.jpg,goat
desafio_ia_vortex_v1/img_387.jpg,goat
desafio_ia_vortex_v1/img_388.jpg,goat
desafio_ia_vortex_v1/img_389.jpg,goat
desafio_ia_vortex_v1/img_390.jpg,goat
desafio_ia_vortex_v1/img_391.jpg,goat
desafio_ia_vortex_v1/img_392.jpg,goat
desafio_ia_vortex_v1/img_393.jpg,goat
desafio_ia_vortex_v1/img_394.jpg,goat
desafio_ia_vortex_v1/img_395.jpg,goat
desafio_ia_vortex_v1/img_396.jpg,goat
desafio_ia_vortex_v1/img_397.jpg,goat
desafio_ia_vortex_v1/img_398.jpg,goat
desafio_ia_vortex_v1/img_399.jpg,goat
desafio_ia_vortex_v1/img_400.jpg,goat
desafio_ia_vortex_v1/img_401.jpg,goat
desafio_ia_vortex_v1/img_402.jpg,goat
desafio_ia_vortex_v1/img_403.jpg,goat
desafio_ia_vortex_v1/img_404.jpg,goat
desafio_ia_vortex_v1/img_405.jpg,goat
desafio_ia_vortex_v1/img_406.jpg,goat
desafio_ia_vortex_v1/img_407.jpg,goat
desafio_ia_vortex_v1/img_408.jpg,goat
desafio_ia_vortex_v1/img_409.jpg,goat
desafio_ia_vortex_v1/img_410.jpg,goat
desafio_ia_vortex_v1/img_411.jpg,goat
desafio_ia_vortex_v1/img_412.jpg,goat
desafio_ia_vortex_v1/img_413.jpg,goat
desafio_ia_vortex_v1/img_414.jpg,goat
desafio_ia_vortex_v1/img_415.jpg,goat
desafio_ia_vortex_v1/img_416.jpg,goat
desafio_ia_vortex_v1/img_417.jpg,goat
desafio_ia_vortex_v1/img_418.jpg,goat
desafio_ia_vortex_v1/img_419.jpg,goat
desafio_ia_vortex_v1/img_420.jpg,goat
desafio_ia_vortex_v1/img_421.jpg,goat
desafio_ia_vortex_v1/img_422.jpg,goat
desafio_ia_vortex_v1/img_423.jpg,goat
desafio_ia_vortex_v1/img_424.jpg,goat
desafio_ia_vortex_v1/img_425.jpg,goat
desafio_ia_vortex_v1/img_426.jpg,goat
desafio_ia_vortex_v1/img_427.jpg,goat
desafio_ia_vortex_v1/img_428.jpg,goat
desafio_ia_vortex_v1/img_429.jpg,goat
desafio_ia_vortex_v1/img_430.jpg,goat
desafio_ia_vortex_v1/img_431.jpg,goat
desafio_ia_vortex_v1/img_432.jpg,goat
desafio_ia_vortex_v1/img_433.jpg,goat
desafio_ia_vortex_v1/img_434.jpg,goat
desafio_ia_vortex_v1/img_435.jpg,goat
desafio_ia_vortex_v1/img_436.jpg,goat
desafio_ia_vortex_v1/img_437.jpg,goat
desafio_ia_vortex_v1/img_438.jpg,goat
desafio_ia_vortex_v1/img_439.jpg,goat
desafio_ia_vortex_v1/img_440.jpg,goat
desafio_ia_vortex_v1/img_441.jpg,goat
desafio_ia_vortex_v1/img_442.jpg,goat
desafio_ia_vortex_v1/img_443.jpg,goat
desafio_ia_vortex_v1/img_444.jpg,goat
desafio_ia_vortex_v1/img_445.jpg,goat
desafio_ia_vortex_v1/img_446.jpg,goat
desafio_ia_vortex_v1/img_447.jpg,goat
desafio_ia_vortex_v1/img_448.jpg,goat
desafio_ia_vortex_v1/img_449.jpg,goat
desafio_ia_vortex_v1/img_450.jpg,goat
desafio_ia_vortex_v1/img_451.jpg,goat
desafio_ia_vortex_v1/img_452.jpg,goat
desafio_ia_vortex_v1/img_453.jpg,goat
desafio_ia_vortex_v1/img_454.jpg,goat
desafio_ia_vortex_v1/img_455.jpg,goat
desafio_ia_vortex_v1/img_456.jpg,goat
desafio_ia_vortex_v1/img_457.jpg,goat
desafio_ia_vortex_v1/img_458.jpg,goat
desafio_ia_vortex_v1/img_459.jpg,goat
desafio_ia_vortex_v1/img_460.jpg,goat
desafio_ia_vortex_v1/img_461.jpg,goat
desafio_ia_vortex_v1/img_462.jpg,goat
desafio_ia_vortex_v1/img_463.jpg,goat
desafio_ia_vortex_v1/img_464.jpg,goat
desafio_ia_vortex_v1/img_465.jpg,goat
desafio_ia_vortex_v1/img_466.jpg,goat
desafio_ia_vortex_v1/img_467.jpg,goat
desafio_ia_vortex_v1/img_468.jpg,goat
desafio_ia_vortex_v1/img_469.jpg,goat
desafio_ia_vortex_v1/img_470.jpg,goat
desafio_ia_vortex_v1/img_471.jpg,goat
desafio_ia_vortex_v1/img_472.jpg,goat
desafio_ia_vortex_v1/img_473.jpg,goat
desafio_ia_vortex_v1/img_474.jpg,goat
desafio_ia_vortex_v1/img_475.jpg,goat
desafio_ia_vortex_v1/img_476.jpg,goat
desafio_ia_vortex_v1/img_477.jpg,goat
desafio_ia_vortex_v1/img_478.jpg,goat
desafio_ia_vortex_v1/img_479.jpg,goat
desafio_ia_vortex_v1/img_480.jpg,goat
desafio_ia_vortex_v1/img_481.jpg,goat
desafio_ia_vortex_v1/img_482.jpg,goat
desafio_ia_vortex_v1/img_483.jpg,goat
desafio_ia_vortex_v1/img_484.jpg,goat
desafio_ia_vortex_v1/img_485.jpg,goat
desafio_ia_vortex_v1/img_486.jpg,goat
desafio_ia_vortex_v1/img_487.jpg,goat
desafio_ia_vortex_v1/img_488.jpg,goat
desafio_ia_vortex_v1/img_489.jpg,goat
desafio_ia_vortex_v1/img_490.jpg,goat
desafio_ia_vortex_v1/img_491.jpg,goat
desafio_ia_vortex_v1/img_492.jpg,goat
desafio_ia_vortex_v1/img_493.jpg,goat
desafio_ia_vortex_v1/img_494.jpg,goat
desafio_ia_vortex_v1/img_495.jpg,goat
desafio_ia_vortex_v1/img_496.jpg,goat
desafio_ia_vortex_v1/img_497.jpg,goat
desafio_ia_vortex_v1/img_498.jpg,goat
desafio_ia_vortex_v1/img_499.jpg,goat
desafio_ia_vortex_v1/img_500.jpg,goat
desafio_ia_vortex_v1/img_501.jpg,goat
desafio_ia_vortex_v1/img_502.jpg,goat
desafio_ia_vortex_v1/img_503.jpg,goat
desafio_ia_vortex_v1/img_504.jpg,goat
desafio_ia_vortex_v1/img_505.jpg,goat
desafio_ia_vortex_v1/img_506.jpg,goat
desafio_ia_vortex_v1/img_507.jpg,goat
desafio_ia_vortex_v1/img_508.jpg,goat
desafio_ia_vortex_v1/img_509.jpg,goat
desafio_ia_vortex_v1/img_510.jpg,goat
desafio_ia_vortex_v1/img_511.jpg,goat
desafio_ia_vortex_v1/img_512.jpg,goat
desafio_ia_vortex_v1/img_513.jpg,goat
desafio_ia_vortex_v1/img_514.jpg,goat
desafio_ia_vortex_v1/img_515.jpg,goat
desafio_ia_vortex_v1/img_516.jpg,goat
desafio_ia_vortex_v1/img_517.jpg,goat
desafio_ia_vortex_v1/img_518.jpg,goat
desafio_ia_vortex_v1/img_519.jpg,goat
desafio_ia_vortex_v1/img_520.jpg,goat
desafio_ia_vortex_v1/img_521.jpg,goat
desafio_ia_vortex_v1/img_522.jpg,goat
desafio_ia_vortex_v1/img_523.jpg,goat
desafio_ia_vortex_v1/img_524.jpg,goat
desafio_ia_vortex_v1/img_525.jpg,goat
desafio_ia_vortex_v1/img_526.jpg,goat
desafio_ia_vortex_v1/img_527.jpg,goat
desafio_ia_vortex_v1/img_528.jpg,goat
desafio_ia_vortex_v1/img_529.jpg,goat
desafio_ia_vortex_v1/img_530.jpg,goat
desafio_ia_vortex_v1/img_531.jpg,goat
desafio_ia_vortex_v1/img_532.jpg,goat
desafio_ia_vortex_v1/img_533.jpg,goat
desafio_ia_vortex_v1/img_534.jpg,goat
desafio_ia_vortex_v1/img_535.jpg,goat
desafio_ia_vortex_v1/img_536.jpg,goat
desafio_ia_vortex_v1/img_537.jpg,goat
desafio_ia_vortex_v1/img_538.jpg,goat
desafio_ia_vortex_v1/img_539.jpg,goat
desafio_ia_vortex_v1/img_540.jpg,goat
desafio_ia_vortex_v1/img_541.jpg,goat
desafio_ia_vortex_v1/img_542.jpg,goat
desafio_ia_vortex_v1/img_543.jpg,goat
desafio_ia_vortex_v1/img_544.jpg,goat
desafio_ia_vortex_v1/img_545.jpg,goat
desafio_ia_vortex_v1/img_546.jpg,goat
desafio_ia_vortex_v1/img_547.jpg,goat
desafio_ia_vortex_v1/img_548.jpg,goat
desafio_ia_vortex_v1/img_549.jpg,goat
desafio_ia_vortex_v1/img_550.jpg,goat
desafio_ia_vortex_v1/img_551.jpg,goat
desafio_ia_vortex_v1/img_552.jpg,ostrich
desafio_ia_vortex_v1/img_553.jpg,ostrich
desafio_ia_vortex_v1/img_554.jpg,ostrich
desafio_ia_vortex_v1/img_555.jpg,ostrich
desafio_ia_vortex_v1/img_556.jpg,ostrich
desafio_ia_vortex_v1/img_557.jpg,ostrich
desafio_ia_vortex_v1/img_558.jpg,ostrich
desafio_ia_vortex_v1/img_559.jpg,ostrich
desafio_ia_vortex_v1/img_560.jpg,ostrich
desafio_ia_vortex_v1/img_561.jpg,ostrich
desafio_ia_vortex_v1/img_562.jpg,ostrich
desafio_ia_vortex_v1/img_563.jpg,ostrich
desafio_ia_vortex_v1/img_564.jpg,ostrich
desafio_ia_vortex_v1/img_565.jpg,ostrich
desafio_ia_vortex_v1/img_566.jpg,ostrich
desafio_ia_vortex_v1/img_567.jpg,ostrich
desafio_ia_vortex_v1/img_568.jpg,ostrich
desafio_ia_vortex_v1/img_569.jpg,ostrich
desafio_ia_vortex_v1/img_570.jpg,ostrich
desafio_ia_vortex_v1/img_571.jpg,ostrich
desafio_ia_vortex_v1/img_572.jpg,ostrich
desafio_ia_vortex_v1/img_573.jpg,ostrich
desafio_ia_vortex_v1/img_574.jpg,ostrich
desafio_ia_vortex_v1/img_575.jpg,ostrich
desafio_ia_vortex_v1/img_576.jpg,ostrich
desafio_ia_vortex_v1/img_577.jpg,ostrich
desafio_ia_vortex_v1/img_578.jpg,ostrich
desafio_ia_vortex_v1/img_579.jpg,ostrich
desafio_ia_vortex_v1/img_580.jpg,ostrich
desafio_ia_vortex_v1/img_581.jpg,ostrich
desafio_ia_vortex_v1/img_582.jpg,ostrich
desafio_ia_vortex_v1/img_583.jpg,ostrich
desafio_ia_vortex_v1/img_584.jpg,ostrich
desafio_ia_vortex_v1/img_585.jpg,ostrich
desafio_ia_vortex_v1/img_586.jpg,ostrich
desafio_ia_vortex_v1/img_587.jpg,ostrich
desafio_ia_vortex_v1/img_588.jpg,ostrich
desafio_ia_vortex_v1/img_589.jpg,ostrich
desafio_ia_vortex_v1/img_590.jpg,ostrich
desafio_ia_vortex_v1/img_591.jpg,ostrich
desafio_ia_vortex_v1/img_592.jpg,ostrich
desafio_ia_vortex_v1/img_593.jpg,ostrich
desafio_ia_vortex_v1/img_594.jpg,ostrich
desafio_ia_vortex_v1/img_595.jpg,ostrich
desafio_ia_vortex_v1/img_596.jpg,ostrich
desafio_ia_vortex_v1/img_597.jpg,ostrich
desafio_ia_vortex_v1/img_598.jpg,ostrich
desafio_ia_vortex_v1/img_599.jpg,ostrich
desafio_ia_vortex_v1/img_600.jpg,ostrich
desafio_ia_vortex_v1/img_601.jpg,ostrich
desafio_ia_vortex_v1/img_602.jpg,ostrich
desafio_ia_vortex_v1/img_603.jpg,ostrich
desafio_ia_vortex_v1/img_604.jpg,ostrich
desafio_ia_vortex_v1/img_605.jpg,ostrich
desafio_ia_vortex_v1/img_606.jpg,ostrich
desafio_ia_vortex_v1/img_607.jpg,ostrich
desafio_ia_vortex_v1/img_608.jpg,ostrich
desafio_ia_vortex_v1/img_609.jpg,ostrich
desafio_ia_vortex_v1/img_610.jpg,ostrich
desafio_ia_vortex_v1/img_611.jpg,ostrich
desafio_ia_vortex_v1/img_612.jpg,ostrich
desafio_ia_vortex_v1/img_613.jpg,ostrich
desafio_ia_vortex_v1/img_614.jpg,ostrich
desafio_ia_vortex_v1/img_615.jpg,ostrich
desafio_ia_vortex_v1/img_616.jpg,ostrich
desafio_ia_vortex_v1/img_617.jpg,ostrich
desafio_ia_vortex_v1/img_618.jpg,ostrich
desafio_ia_vortex_v1/img_619.jpg,ostrich
desafio_ia_vortex_v1/img_620.jpg,ostrich
desafio_ia_vortex_v1/img_621.jpg,ostrich
desafio_ia_vortex_v1/img_622.jpg,ostrich
desafio_ia_vortex_v1/img_623.jpg,ostrich
desafio_ia_vortex_v1/img_624.jpg,ostrich
desafio_ia_vortex_v1/img_625.jpg,ostrich
desafio_ia_vortex_v1/img_626.jpg,ostrich
desafio_ia_vortex_v1/img_627.jpg,ostrich
desafio_ia_vortex_v1/img_628.jpg,ostrich
desafio_ia_vortex_v1/img_629.jpg,ostrich
desafio_ia_vortex_v1/img_630.jpg,ostrich
desafio_ia_vortex_v1/img_631.jpg,ostrich
desafio_ia_vortex_v1/img_632.jpg,ostrich
desafio_ia_vortex_v1/img_633.jpg,ostrich
desafio_ia_vortex_v1/img_634.jpg,ostrich
desafio_ia_vortex_v1/img_635.jpg,ostrich
desafio_ia_vortex_v1/img_636.jpg,ostrich
desafio_ia_vortex_v1/img_637.jpg,ostrich
desafio_ia_vortex_v1/img_638.jpg,ostrich
desafio_ia_vortex_v1/img_639.jpg,ostrich
desafio_ia_vortex_v1/img_640.jpg,ostrich
desafio_ia_vortex_v1/img_641.jpg,ostrich
desafio_ia_vortex_v1/img_642.jpg,ostrich
desafio_ia_vortex_v1/img_643.jpg,ostrich
desafio_ia_vortex_v1/img_644.jpg,ostrich
desafio_ia_vortex_v1/img_645.jpg,ostrich
desafio_ia_vortex_v1/img_646.jpg,ostrich
desafio_ia_vortex_v1/img_647.jpg,ostrich
desafio_ia_vortex_v1/img_648.jpg,ostrich
desafio_ia_vortex_v1/img_649.jpg,ostrich
desafio_ia_vortex_v1/img_650.jpg,ostrich
desafio_ia_vortex_v1/img_651.jpg,ostrich
desafio_ia_vortex_v1/img_652.jpg,ostrich
desafio_ia_vortex_v1/img_653.jpg,ostrich
desafio_ia_vortex_v1/img_654.jpg,ostrich
desafio_ia_vortex_v1/img_655.jpg,ostrich
desafio_ia_vortex_v1/img_656.jpg,ostrich
desafio_ia_vortex_v1/img_657.jpg,ostrich
desafio_ia_vortex_v1/img_658.jpg,ostrich
desafio_ia_vortex_v1/img_659.jpg,ostrich
desafio_ia_vortex_v1/img_660.jpg,ostrich
desafio_ia_vortex_v1/img_661.jpg,ostrich
desafio_ia_vortex_v1/img_662.jpg,ostrich
desafio_ia_vortex_v1/img_663.jpg,ostrich
desafio_ia_vortex_v1/img_664.jpg,ostrich
desafio_ia_vortex_v1/img_665.jpg,ostrich
desafio_ia_vortex_v1/img_666.jpg,ostrich
desafio_ia_vortex_v1/img_667.jpg,ostrich
desafio_ia_vortex_v1/img_668.jpg,ostrich
desafio_ia_vortex_v1/img_669.jpg,ostrich
desafio_ia_vortex_v1/img_670.jpg,ostrich
desafio_ia_vortex_v1/img_671.jpg,ostrich
desafio_ia_vortex_v1/img_672.jpg,ostrich
desafio_ia_vortex_v1/img_673.jpg,ostrich
desafio_ia_vortex_v1/img_674.jpg,ostrich
desafio_ia_vortex_v1/img_675.jpg,ostrich
desafio_ia_vortex_v1/img_676.jpg,ostrich
desafio_ia_vortex_v1/img_677.jpg,ostrich
desafio_ia_vortex_v1/img_678.jpg,ostrich
desafio_ia_vortex_v1/img_679.jpg,ostrich
desafio_ia_vortex_v1/img_680.jpg,ostrich
desafio_ia_vortex_v1/img_681.jpg,ostrich
desafio_ia_vortex_v1/img_682.jpg,ostrich
desafio_ia_vortex_v1/img_683.jpg,ostrich
desafio_ia_vortex_v1/img_684.jpg,ostrich
desafio_ia_vortex_v1/img_685.jpg,ostrich
desafio_ia_vortex_v1/img_686.jpg,ostrich
desafio_ia_vortex_v1/img_687.jpg,ostrich
desafio_ia_vortex_v1/img_688.jpg,ostrich
desafio_ia_vortex_v1/img_689.jpg,ostrich
desafio_ia_vortex_v1/img_690.jpg,ostrich
desafio_ia_vortex_v1/img_691.jpg,ostrich
desafio_ia_vortex_v1/img_692.jpg,ostrich
desafio_ia_vortex_v1/img_693.jpg,ostrich
desafio_ia_vortex_v1/img_694.jpg,ostrich
desafio_ia_vortex_v1/img_695.jpg,ostrich
desafio_ia_vortex_v1/img_696.jpg,ostrich
desafio_ia_vortex_v1/img_697.jpg,ostrich
desafio_ia_vortex_v1/img_698.jpg,ostrich
desafio_ia_vortex_v1/img_699.jpg,ostrich
desafio_ia_vortex_v1/img_700.jpg,ostrich
desafio_ia_vortex_v1/img_701.jpg,ostrich
desafio_ia_vortex_v1/img_702.jpg,ostrich
desafio_ia_vortex_v1/img_703.jpg,ostrich
desafio_ia_vortex_v1/img_704.jpg,ostrich
desafio_ia_vortex_v1/img_705.jpg,ostrich
desafio_ia_vortex_v1/img_706.jpg,ostrich
desafio_ia_vortex_v1/img_707.jpg,ostrich
desafio_ia_vortex_v1/img_708.jpg,ostrich
desafio_ia_vortex_v1/img_709.jpg,ostrich
desafio_ia_vortex_v1/img_710.jpg,ostrich
desafio_ia_vortex_v1/img_711.jpg,ostrich
desafio_ia_vortex_v1/img_712.jpg,ostrich
desafio_ia_vortex_v1/img_713.jpg,ostrich
desafio_ia_vortex_v1/img_714.jpg,ostrich
desafio_ia_vortex_v1/img_715.jpg,ostrich
desafio_ia_vortex_v1/img_716.jpg,ostrich
desafio_ia_vortex_v1/img_717.jpg,ostrich
desafio_ia_vortex_v1/img_718.jpg,ostrich
desafio_ia_vortex_v1/img_719.jpg,ostrich
desafio_ia_vortex_v1/img_720.jpg,ostrich
desafio_ia_vortex_v1/img_721.jpg,ostrich
desafio_ia_vortex_v1/img_722.jpg,ostrich
desafio_ia_vortex_v1/img_723.jpg,ostrich
desafio_ia_vortex_v1/img_724.jpg,ostrich
desafio_ia_vortex_v1/img_725.jpg,ostrich
desafio_ia_vortex_v1/img_726.jpg,ostrich
desafio_ia_vortex_v1/img_727.jpg,ostrich
desafio_ia_vortex_v1/img_728.jpg,ostrich
desafio_ia_vortex_v1/img_729.jpg,ostrich
desafio_ia_vortex_v1/img_730.jpg,ostrich
desafio_ia_vortex_v1/img_731.jpg,ostrich
desafio_ia_vortex_v1/img_732.jpg,ostrich
desafio_ia_vortex_v1/img_733.jpg,ostrich
desafio_ia_vortex_v1/img_734.jpg,ostrich
desafio_ia_vortex_v1/img_735.jpg,ostrich
desafio_ia_vortex_v1/img_736.jpg,ostrich
desafio_ia_vortex_v1/img_737.jpg,ostrich
desafio_ia_vortex_v1/img_738.jpg,ostrich
desafio_ia_vortex_v1/img_739.jpg,ostrich
desafio_ia_vortex_v1/img_740.jpg,ostrich
desafio_ia_vortex_v1/img_741.jpg,ostrich
desafio_ia_vortex_v1/img_742.jpg,ostrich
desafio_ia_vortex_v1/img_743.jpg,ostrich
desafio_ia_vortex_v1/img_744.jpg,ostrich
desafio_ia_vortex_v1/img_745.jpg,ostrich
desafio_ia_vortex_v1/img_746.jpg,ostrich
desafio_ia_vortex_v1/img_747.jpg,ostrich
desafio_ia_vortex_v1/img_748.jpg,ostrich
desafio_ia_vortex_v1/img_749.jpg,ostrich
desafio_ia_vortex_v1/img_750.jpg,ostrich
desafio_ia_vortex_v1/img_751.jpg,ostrich
desafio_ia_vortex_v1/img_752.jpg,ostrich
desafio_ia_vortex_v1/img_753.jpg,ostrich
desafio_ia_vortex_v1/img_754.jpg,ostrich
desafio_ia_vortex_v1/img_755.jpg,ostrich
desafio_ia_vortex_v1/img_756.jpg,ostrich
desafio_ia_vortex_v1/img_757.jpg,ostrich
desafio_ia_vortex_v1/img_758.jpg,ostrich
desafio_ia_vortex_v1/img_759.jpg,ostrich
desafio_ia_vortex_v1/img_760.jpg,ostrich
desafio_ia_vortex_v1/img_761.jpg,ostrich
desafio_ia_vortex_v1/img_762.jpg,ostrich
desafio_ia_vortex_v1/img_763.jpg,ostrich
desafio_ia_vortex_v1/img_764.jpg,ostrich
desafio_ia_vortex_v1/img_765.jpg,ostrich
desafio_ia_vortex_v1/img_766.jpg,ostrich
desafio_ia_vortex_v1/img_767.jpg,ostrich
desafio_ia_vortex_v1/img_768.jpg,pigeon
desafio_ia_vortex_v1/img_769.jpg,pigeon
desafio_ia_vortex_v1/img_770.jpg,pigeon
desafio_ia_vortex_v1/img_771.jpg,pigeon
desafio_ia_vortex_v1/img_772.jpg,pigeon
desafio_ia_vortex_v1/img_773.jpg,pigeon
desafio_ia_vortex_v1/img_774.jpg,pigeon
desafio_ia_vortex_v1/img_775.jpg,pigeon
desafio_ia_vortex_v1/img_776.jpg,pigeon
desafio_ia_vortex_v1/img_777.jpg,pigeon
desafio_ia_vortex_v1/img_778.jpg,pigeon
desafio_ia_vortex_v1/img_779.jpg,pigeon
desafio_ia_vortex_v1/img_780.jpg,pigeon
desafio_ia_vortex_v1/img_781.jpg,pigeon
desafio_ia_vortex_v1/img_782.jpg,pigeon
desafio_ia_vortex_v1/img_783.jpg,pigeon
desafio_ia_vortex_v1/img_784.jpg,pigeon
desafio_ia_vortex_v1/img_785.jpg,pigeon
desafio_ia_vortex_v1/img_786.jpg,pigeon
desafio_ia_vortex_v1/img_787.jpg,pigeon
desafio_ia_vortex_v1/img_788.jpg,pigeon
desafio_ia_vortex_v1/img_789.jpg,pigeon
desafio_ia_vortex_v1/img_790.jpg,pigeon
desafio_ia_vortex_v1/img_791.jpg,pigeon
desafio_ia_vortex_v1/img_792.jpg,pigeon
desafio_ia_vortex_v1/img_793.jpg,pigeon
desafio_ia_vortex_v1/img_794.jpg,pigeon
desafio_ia_vortex_v1/img_795.jpg,pigeon
desafio_ia_vortex_v1/img_796.jpg,pigeon
desafio_ia_vortex_v1/img_797.jpg,pigeon
desafio_ia_vortex_v1/img_798.jpg,pigeon
desafio_ia_vortex_v1/img_799.jpg,pigeon
desafio_ia_vortex_v1/img_800.jpg,pigeon
desafio_ia_vortex_v1/img_801.jpg,pigeon
desafio_ia_vortex_v1/img_802.jpg,pigeon
desafio_ia_vortex_v1/img_803.jpg,pigeon
desafio_ia_vortex_v1/img_804.jpg,pigeon
desafio_ia_vortex_v1/img_805.jpg,pigeon
desafio_ia_vortex_v1/img_806.jpg,pigeon
desafio_ia_vortex_v1/img_807.jpg,pigeon
desafio_ia_vortex_v1/img_808.jpg,pigeon
desafio_ia_vortex_v1/img_809.jpg,pigeon
desafio_ia_vortex_v1/img_810.jpg,pigeon
desafio_ia_vortex_v1/img_811.jpg,pigeon
desafio_ia_vortex_v1/img_812.jpg,pigeon
desafio_ia_vortex_v1/img_813.jpg,pigeon
desafio_ia_vortex_v1/img_814.jpg,pigeon
desafio_ia_vortex_v1/img_815.jpg,pigeon
desafio_ia_vortex_v1/img_816.jpg,pigeon
desafio_ia_vortex_v1/img_817.jpg,pigeon
desafio_ia_vortex_v1/img_818.jpg,pigeon
desafio_ia_vortex_v1/img_819.jpg,pigeon
desafio_ia_vortex_v1/img_820.jpg,pigeon
desafio_ia_vortex_v1/img_821.jpg,pigeon
desafio_ia_vortex_v1/img_822.jpg,pigeon
desafio_ia_vortex_v1/img_823.jpg,pigeon
desafio_ia_vortex_v1/img_824.jpg,pigeon
desafio_ia_vortex_v1/img_825.jpg,pigeon
desafio_ia_vortex_v1/img_826.jpg,pigeon
desafio_ia_vortex_v1/img_827.jpg,pigeon
desafio_ia_vortex_v1/img_828.jpg,iguana
desafio_ia_vortex_v1/img_829.jpg,iguana
desafio_ia_vortex_v1/img_830.jpg,iguana
desafio_ia_vortex_v1/img_831.jpg,iguana
desafio_ia_vortex_v1/img_832.jpg,iguana
desafio_ia_vortex_v1/img_833.jpg,iguana
desafio_ia_vortex_v1/img_834.jpg,iguana
desafio_ia_vortex_v1/img_835.jpg,iguana
desafio_ia_vortex_v1/img_836.jpg,iguana
desafio_ia_vortex_v1/img_837.jpg,iguana
desafio_ia_vortex_v1/img_838.jpg,iguana
desafio_ia_vortex_v1/img_839.jpg,iguana
desafio_ia_vortex_v1/img_840.jpg,iguana
desafio_ia_vortex_v1/img_841.jpg,iguana
desafio_ia_vortex_v1/img_842.jpg,iguana
desafio_ia_vortex_v1/img_843.jpg,iguana
desafio_ia_vortex_v1/img_844.jpg,iguana
desafio_ia_vortex_v1/img_845.jpg,iguana
desafio_ia_vortex_v1/img_846.jpg,iguana
desafio_ia_vortex_v1/img_847.jpg,iguana
desafio_ia_vortex_v1/img_848.jpg,iguana
desafio_ia_vortex_v1/img_849.jpg,iguana
desafio_ia_vortex_v1/img_850.jpg,iguana
desafio_ia_vortex_v1/img_851.jpg,iguana
desafio_ia_vortex_v1/img_852.jpg,iguana
desafio_ia_vortex_v1/img_853.jpg,iguana
desafio_ia_vortex_v1/img_854.jpg,iguana
desafio_ia_vortex_v1/img_855.jpg,iguana
desafio_ia_vortex_v1/img_856.jpg,iguana
desafio_ia_vortex_v1/img_857.jpg,iguana
desafio_ia_vortex_v1/img_858.jpg,iguana
desafio_ia_vortex_v1/img_859.jpg,iguana
desafio_ia_vortex_v1/img_860.jpg,iguana
desafio_ia_vortex_v1/img_861.jpg,iguana
desafio_ia_vortex_v1/img_862.jpg,iguana
desafio_ia_vortex_v1/img_863.jpg,iguana
desafio_ia_vortex_v1/img_864.jpg,iguana
desafio_ia_vortex_v1/img_865.jpg,iguana
desafio_ia_vortex_v1/img_866.jpg,iguana
desafio_ia_vortex_v1/img_867.jpg,iguana
desafio_ia_vortex_v1/img_868.jpg,iguana
desafio_ia_vortex_v1/img_869.jpg,iguana
desafio_ia_vortex_v1/img_870.jpg,iguana
desafio_ia_vortex_v1/img_871.jpg,iguana
desafio_ia_vortex_v1/img_872.jpg,iguana
desafio_ia_vortex_v1/img_873.jpg,iguana
desafio_ia_vortex_v1/img_874.jpg,iguana
desafio_ia_vortex_v1/img_875.jpg,iguana
desafio_ia_vortex_v1/img_876.jpg,iguana
desafio_ia_vortex_v1/img_877.jpg,iguana
desafio_ia_vortex_v1/img_878.jpg,iguana
desafio_ia_vortex_v1/img_879.jpg,iguana
desafio_ia_vortex_v1/img_880.jpg,iguana
desafio_ia_vortex_v1/img_881.jpg,iguana
desafio_ia_vortex_v1/img_882.jpg,iguana
desafio_ia_vortex_v1/img_883.jpg,iguana
desafio_ia_vortex_v1/img_884.jpg,iguana
desafio_ia_vortex_v1/img_885.jpg,iguana
desafio_ia_vortex_v1/img_886.jpg,iguana
desafio_ia_vortex_v1/img_887.jpg,iguana
desafio_ia_vortex_v1/img_888.jpg,iguana
desafio_ia_vortex_v1/img_889.jpg,iguana
desafio_ia_vortex_v1/img_890.jpg,iguana
desafio_ia_vortex_v1/img_891.jpg,iguana
desafio_ia_vortex_v1/img_892.jpg,iguana
desafio_ia_vortex_v1/img_893.jpg,iguana
desafio_ia_vortex_v1/img_894.jpg,iguana
desafio_ia_vortex_v1/img_895.jpg,iguana
desafio_ia_vortex_v1/img_896.jpg,iguana
desafio_ia_vortex_v1/img_897.jpg,iguana
desafio_ia_vortex_v1/img_898.jpg,iguana
desafio_ia_vortex_v1/img_899.jpg,iguana
desafio_ia_vortex_v1/img_900.jpg,iguana
desafio_ia_vortex_v1/img_901.jpg,iguana
desafio_ia_vortex_v1/img_902.jpg,iguana
desafio_ia_vortex_v1/img_903.jpg,iguana
desafio_ia_vortex_v1/img_904.jpg,iguana
desafio_ia_vortex_v1/img_905.jpg,iguana
desafio_ia_vortex_v1/img_906.jpg,iguana
desafio_ia_vortex_v1/img_907.jpg,iguana
desafio_ia_vortex_v1/img_908.jpg,iguana
desafio_ia_vortex_v1/img_909.jpg,iguana
desafio_ia_vortex_v1/img_910.jpg,iguana
desafio_ia_vortex_v1/img_911.jpg,iguana
desafio_ia_vortex_v1/img_912.jpg,iguana
desafio_ia_vortex_v1/img_913.jpg,iguana
desafio_ia_vortex_v1/img_914.jpg,iguana
desafio_ia_vortex_v1/img_915.jpg,iguana
desafio_ia_vortex_v1/img_916.jpg,iguana
desafio_ia_vortex_v1/img_917.jpg,iguana
desafio_ia_vortex_v1/img_918.jpg,iguana
desafio_ia_vortex_v1/img_919.jpg,iguana
desafio_ia_vortex_v1/img_920.jpg,iguana
desafio_ia_vortex_v1/img_921.jpg,iguana
desafio_ia_vortex_v1/img_922.jpg,iguana
desafio_ia_vortex_v1/img_923.jpg,iguana
desafio_ia_vortex_v1/img_924.jpg,iguana
desafio_ia_vortex_v1/img_925.jpg,iguana
desafio_ia_vortex_v1/img_926.jpg,iguana
desafio_ia_vortex_v1/img_927.jpg,iguana
desafio_ia_vortex_v1/img_928.jpg,iguana
desafio_ia_vortex_v1/img_929.jpg,iguana
desafio_ia_vortex_v1/img_930.jpg,iguana
desafio_ia_vortex_v1/img_931.jpg,iguana
desafio_ia_vortex_v1/img_932.jpg,iguana
desafio_ia_vortex_v1/img_933.jpg,iguana
desafio_ia_vortex_v1/img_934.jpg,iguana
desafio_ia_vortex_v1/img_935.jpg,iguana
desafio_ia_vortex_v1/img_936.jpg,iguana
desafio_ia_vortex_v1/img_937.jpg,iguana
desafio_ia_vortex_v1/img_938.jpg,iguana
desafio_ia_vortex_v1/img_939.jpg,iguana
desafio_ia_vortex_v1/img_940.jpg,iguana
desafio_ia_vortex_v1/img_941.jpg,iguana
desafio_ia_vortex_v1/img_942.jpg,iguana
desafio_ia_vortex_v1/img_943.jpg,iguana
desafio_ia_vortex_v1/img_944.jpg,iguana
desafio_ia_vortex_v1/img_945.jpg,iguana
desafio_ia_vortex_v1/img_946.jpg,iguana
desafio_ia_vortex_v1/img_947.jpg,iguana
desafio_ia_vortex_v1/img_948.jpg,iguana
desafio_ia_vortex_v1/img_949.jpg,iguana
desafio_ia_vortex_v1/img_950.jpg,iguana
desafio_ia_vortex_v1/img_951.jpg,iguana
desafio_ia_vortex_v1/img_952.jpg,iguana
desafio_ia_vortex_v1/img_953.jpg,iguana
desafio_ia_vortex_v1/img_954.jpg,iguana
desafio_ia_vortex_v1/img_955.jpg,iguana
desafio_ia_vortex_v1/img_956.jpg,iguana
desafio_ia_vortex_v1/img_957.jpg,iguana
desafio_ia_vortex_v1/img_958.jpg,iguana
desafio_ia_vortex_v1/img_959.jpg,iguana
desafio_ia_vortex_v1/img_960.jpg,iguana
desafio_ia_vortex_v1/img_961.jpg,iguana
desafio_ia_vortex_v1/img_962.jpg,iguana
desafio_ia_vortex_v1/img_963.jpg,iguana
desafio_ia_vortex_v1/img_964.jpg,iguana
desafio_ia_vortex_v1/img_965.jpg,iguana
desafio_ia_vortex_v1/img_966.jpg,iguana
desafio_ia_vortex_v1/img_967.jpg,iguana
desafio_ia_vortex_v1/img_968.jpg,iguana
desafio_ia_vortex_v1/img_969.jpg,iguana
desafio_ia_vortex_v1/img_970.jpg,iguana
desafio_ia_vortex_v1/img_971.jpg,iguana
desafio_ia_vortex_v1/img_972.jpg,iguana
desafio_ia_vortex_v1/img_973.jpg,iguana
desafio_ia_vortex_v1/img_974.jpg,iguana
desafio_ia_vortex_v1/img_975.jpg,iguana
desafio_ia_vortex_v1/img_976.jpg,iguana
desafio_ia_vortex_v1/img_977.jpg,iguana
desafio_ia_vortex_v1/img_978.jpg,iguana
desafio_ia_vortex_v1/img_979.jpg,iguana
desafio_ia_vortex_v1/img_980.jpg,iguana
desafio_ia_vortex_v1/img_981.jpg,iguana
desafio_ia_vortex_v1/img_982.jpg,iguana
desafio_ia_vortex_v1/img_983.jpg,iguana
desafio_ia_vortex_v1/img_984.jpg,iguana
desafio_ia_vortex_v1/img_985.jpg,iguana
desafio_ia_vortex_v1/img_986.jpg,iguana
desafio_ia_vortex_v1/img_987.jpg,iguana
desafio_ia_vortex_v1/img_988.jpg,iguana
desafio_ia_vortex_v1/img_989.jpg,iguana
desafio_ia_vortex_v1/img_990.jpg,iguana
desafio_ia_vortex_v1/img_991.jpg,iguana
desafio_ia_vortex_v1/img_992.jpg,iguana
desafio_ia_vortex_v1/img_993.jpg,iguana
desafio_ia_vortex_v1/img_994.jpg,iguana
desafio_ia_vortex_v1/img_995.jpg,iguana
desafio_ia_vortex_v1/img_996.jpg,iguana
desafio_ia_vortex_v1/img_997.jpg,iguana
desafio_ia_vortex_v1/img_998.jpg,iguana
desafio_ia_vortex_v1/img_999.jpg,iguana
desafio_ia_vortex_v1/img_1000.jpg,iguana
desafio_ia_vortex_v1/img_1001.jpg,iguana
desafio_ia_vortex_v1/img_1002.jpg,iguana
desafio_ia_vortex_v1/img_1003.jpg,iguana
desafio_ia_vortex_v1/img_1004.jpg,iguana
desafio_ia_vortex_v1/img_1005.jpg,iguana
desafio_ia_vortex_v1/img_1006.jpg,iguana
desafio_ia_vortex_v1/img_1007.jpg,iguana
desafio_ia_vortex_v1/img_1008.jpg,iguana
desafio_ia_vortex_v1/img_1009.jpg,iguana
desafio_ia_vortex_v1/img_1010.jpg,iguana
desafio_ia_vortex_v1/img_1011.jpg,iguana
desafio_ia_vortex_v1/img_1012.jpg,iguana
desafio_ia_vortex_v1/img_1013.jpg,iguana
desafio_ia_vortex_v1/img_1014.jpg,iguana
desafio_ia_vortex_v1/img_1015.jpg,iguana
desafio_ia_vortex_v1/img_1016.jpg,iguana
desafio_ia_vortex_v1/img_1017.jpg,iguana
desafio_ia_vortex_v1/img_1018.jpg,iguana
desafio_ia_vortex_v1/img_1019.jpg,iguana
desafio_ia_vortex_v1/img_1020.jpg,iguana
desafio_ia_vortex_v1/img_1021.jpg,iguana
desafio_ia_vortex_v1/img_1022.jpg,iguana
desafio_ia_vortex_v1/img_1023.jpg,iguana
desafio_ia_vortex_v1/img_1024.jpg,iguana
desafio_ia_vortex_v1/img_1025.jpg,iguana
desafio_ia_vortex_v1/img_1026.jpg,iguana
desafio_ia_vortex_v1/img_1027.jpg,iguana
desafio_ia_vortex_v1/img_1028.jpg,iguana
desafio_ia_vortex_v1/img_1029.jpg,iguana
desafio_ia_vortex_v1/img_1030.jpg,iguana
desafio_ia_vortex_v1/img_1031.jpg,iguana
desafio_ia_vortex_v1/img_1032.jpg,iguana
desafio_ia_vortex_v1/img_1033.jpg,iguana
desafio_ia_vortex_v1/img_1034.jpg,iguana
desafio_ia_vortex_v1/img_1035.jpg,iguana
desafio_ia_vortex_v1/img_1036.jpg,iguana
desafio_ia_vortex_v1/img_1037.jpg,iguana
desafio_ia_vortex_v1/img_1038.jpg,iguana
desafio_ia_vortex_v1/img_1039.jpg,iguana
desafio_ia_vortex_v1/img_1040.jpg,iguana
desafio_ia_vortex_v1/img_1041.jpg,iguana
desafio_ia_vortex_v1/img_1042.jpg,iguana
desafio_ia_vortex_v1/img_1043.jpg,iguana
desafio_ia_vortex_v1/img_1044.jpg,possum
desafio_ia_vortex_v1/img_1045.jpg,possum
desafio_ia_vortex_v1/img_1046.jpg,possum
desafio_ia_vortex_v1/img_1047.jpg,possum
desafio_ia_vortex_v1/img_1048.jpg,possum
desafio_ia_vortex_v1/img_1049.jpg,possum
desafio_ia_vortex_v1/img_1050.jpg,possum
desafio_ia_vortex_v1/img_1051.jpg,possum
desafio_ia_vortex_v1/img_1052.jpg,possum
desafio_ia_vortex_v1/img_1053.jpg,possum
desafio_ia_vortex_v1/img_1054.jpg,possum
desafio_ia_vortex_v1/img_1055.jpg,possum
desafio_ia_vortex_v1/img_1056.jpg,possum
desafio_ia_vortex_v1/img_1057.jpg,possum
desafio_ia_vortex_v1/img_1058.jpg,possum
desafio_ia_vortex_v1/img_1059.jpg,possum
desafio_ia_vortex_v1/img_1060.jpg,possum
desafio_ia_vortex_v1/img_1061.jpg,possum
desafio_ia_vortex_v1/img_1062.jpg,possum
desafio_ia_vortex_v1/img_1063.jpg,possum
desafio_ia_vortex_v1/img_1064.jpg,possum
desafio_ia_vortex_v1/img_1065.jpg,possum
desafio_ia_vortex_v1/img_1066.jpg,possum
desafio_ia_vortex_v1/img_1067.jpg,possum
desafio_ia_vortex_v1/img_1068.jpg,possum
desafio_ia_vortex_v1/img_1069.jpg,possum
desafio_ia_vortex_v1/img_1070.jpg,possum
desafio_ia_vortex_v1/img_1071.jpg,possum
desafio_ia_vortex_v1/img_1072.jpg,possum
desafio_ia_vortex_v1/img_1073.jpg,possum
desafio_ia_vortex_v1/img_1074.jpg,possum
desafio_ia_vortex_v1/img_1075.jpg,possum
desafio_ia_vortex_v1/img_1076.jpg,possum
desafio_ia_vortex_v1/img_1077.jpg,possum
desafio_ia_vortex_v1/img_1078.jpg,possum
desafio_ia_vortex_v1/img_1079.jpg,possum
desafio_ia_vortex_v1/img_1080.jpg,possum
desafio_ia_vortex_v1/img_1081.jpg,possum
desafio_ia_vortex_v1/img_1082.jpg,possum
desafio_ia_vortex_v1/img_1083.jpg,possum
desafio_ia_vortex_v1/img_1084.jpg,possum
desafio_ia_vortex_v1/img_1085.jpg,possum
desafio_ia_vortex_v1/img_1086.jpg,possum
desafio_ia_vortex_v1/img_1087.jpg,possum
desafio_ia_vortex_v1/img_1088.jpg,possum
desafio_ia_vortex_v1/img_1089.jpg,possum
desafio_ia_vortex_v1/img_1090.jpg,possum
desafio_ia_vortex_v1/img_1091.jpg,possum
desafio_ia_vortex_v1/img_1092.jpg,possum
desafio_ia_vortex_v1/img_1093.jpg,possum
desafio_ia_vortex_v1/img_1094.jpg,possum
desafio_ia_vortex_v1/img_1095.jpg,possum
desafio_ia_vortex_v1/img_1096.jpg,possum
desafio_ia_vortex_v1/img_1097.jpg,possum
desafio_ia_vortex_v1/img_1098.jpg,possum
desafio_ia_vortex_v1/img_1099.jpg,possum
desafio_ia_vortex_v1/img_1100.jpg,possum
desafio_ia_vortex_v1/img_1101.jpg,possum
desafio_ia_vortex_v1/img_1102.jpg,possum
desafio_ia_vortex_v1/img_1103.jpg,possum
desafio_ia_vortex_v1/img_1104.jpg,peacock
desafio_ia_vortex_v1/img_1105.jpg,peacock
desafio_ia_vortex_v1/img_1106.jpg,peacock
desafio_ia_vortex_v1/img_1107.jpg,peacock
desafio_ia_vortex_v1/img_1108.jpg,peacock
desafio_ia_vortex_v1/img_1109.jpg,peacock
desafio_ia_vortex_v1/img_1110.jpg,peacock
desafio_ia_vortex_v1/img_1111.jpg,peacock
desafio_ia_vortex_v1/img_1112.jpg,peacock
desafio_ia_vortex_v1/img_1113.jpg,peacock
desafio_ia_vortex_v1/img_1114.jpg,peacock
desafio_ia_vortex_v1/img_1115.jpg,peacock
desafio_ia_vortex_v1/img_1116.jpg,peacock
desafio_ia_vortex_v1/img_1117.jpg,peacock
desafio_ia_vortex_v1/img_1118.jpg,peacock
desafio_ia_vortex_v1/img_1119.jpg,peacock
desafio_ia_vortex_v1/img_1120.jpg,peacock
desafio_ia_vortex_v1/img_1121.jpg,peacock
desafio_ia_vortex_v1/img_1122.jpg,peacock
desafio_ia_vortex_v1/img_1123.jpg,peacock
desafio_ia_vortex_v1/img_1124.jpg,peacock
desafio_ia_vortex_v1/img_1125.jpg,peacock
desafio_ia_vortex_v1/img_1126.jpg,peacock
desafio_ia_vortex_v1/img_1127.jpg,peacock
desafio_ia_vortex_v1/img_1128.jpg,peacock
desafio_ia_vortex_v1/img_1129.jpg,peacock
desafio_ia_vortex_v1/img_1130.jpg,peacock
desafio_ia_vortex_v1/img_1131.jpg,peacock
desafio_ia_vortex_v1/img_1132.jpg,peacock
desafio_ia_vortex_v1/img_1133.jpg,peacock
desafio_ia_vortex_v1/img_1134.jpg,peacock
desafio_ia_vortex_v1/img_1135.jpg,peacock
desafio_ia_vortex_v1/img_1136.jpg,peacock
desafio_ia_vortex_v1/img_1137.jpg,peacock
desafio_ia_vortex_v1/img_1138.jpg,peacock
desafio_ia_vortex_v1/img_1139.jpg,peacock
desafio_ia_vortex_v1/img_1140.jpg,peacock
desafio_ia_vortex_v1/img_1141.jpg,peacock
desafio_ia_vortex_v1/img_1142.jpg,peacock
desafio_ia_vortex_v1/img_1143.jpg,peacock
desafio_ia_vortex_v1/img_1144.jpg,peacock
desafio_ia_vortex_v1/img_1145.jpg,peacock
desafio_ia_vortex_v1/img_1146.jpg,peacock
desafio_ia_vortex_v1/img_1147.jpg,peacock
desafio_ia_vortex_v1/img_1148.jpg,peacock
desafio_ia_vortex_v1/img_1149.jpg,peacock
desafio_ia_vortex_v1/img_1150.jpg,peacock
desafio_ia_vortex_v1/img_1151.jpg,peacock
desafio_ia_vortex_v1/img_1152.jpg,peacock
desafio_ia_vortex_v1/img_1153.jpg,peacock
desafio_ia_vortex_v1/img_1154.jpg,peacock
desafio_ia_vortex_v1/img_1155.jpg,peacock
desafio_ia_vortex_v1/img_1156.jpg,peacock
desafio_ia_vortex_v1/img_1157.jpg,peacock
desafio_ia_vortex_v1/img_1158.jpg,peacock
desafio_ia_vortex_v1/img_1159.jpg,peacock
desafio_ia_vortex_v1/img_1160.jpg,peacock
desafio_ia_vortex_v1/img_1161.jpg,peacock
desafio_ia_vortex_v1/img_1162.jpg,peacock
desafio_ia_vortex_v1/img_1163.jpg,peacock
desafio_ia_vortex_v1/img_1164.jpg,peacock
desafio_ia_vortex_v1/img_1165.jpg,peacock
desafio_ia_vortex_v1/img_1166.jpg,peacock
desafio_ia_vortex_v1/img_1167.jpg,peacock
desafio_ia_vortex_v1/img_1168.jpg,peacock
desafio_ia_vortex_v1/img_1169.jpg,peacock
desafio_ia_vortex_v1/img_1170.jpg,peacock
desafio_ia_vortex_v1/img_1171.jpg,peacock
desafio_ia_vortex_v1/img_1172.jpg,peacock
desafio_ia_vortex_v1/img_1173.jpg,peacock
desafio_ia_vortex_v1/img_1174.jpg,peacock
desafio_ia_vortex_v1/img_1175.jpg,peacock
desafio_ia_vortex_v1/img_1176.jpg,peacock
desafio_ia_vortex_v1/img_1177.jpg,peacock
desafio_ia_vortex_v1/img_1178.jpg,peacock
desafio_ia_vortex_v1/img_1179.jpg,peacock
desafio_ia_vortex_v1/img_1180.jpg,peacock
desafio_ia_vortex_v1/img_1181.jpg,peacock
desafio_ia_vortex_v1/img_1182.jpg,peacock
desafio_ia_vortex_v1/img_1183.jpg,peacock
desafio_ia_vortex_v1/img_1184.jpg,peacock
desafio_ia_vortex_v1/img_1185.jpg,peacock
desafio_ia_vortex_v1/img_1186.jpg,peacock
desafio_ia_vortex_v1/img_1187.jpg,peacock
desafio_ia_vortex_v1/img_1188.jpg,peacock
desafio_ia_vortex_v1/img_1189.jpg,peacock
desafio_ia_vortex_v1/img_1190.jpg,peacock
desafio_ia_vortex_v1/img_1191.jpg,peacock
desafio_ia_vortex_v1/img_1192.jpg,peacock
desafio_ia_vortex_v1/img_1193.jpg,peacock
desafio_ia_vortex_v1/img_1194.jpg,peacock
desafio_ia_vortex_v1/img_1195.jpg,peacock
desafio_ia_vortex_v1/img_1196.jpg,peacock
desafio_ia_vortex_v1/img_1197.jpg,peacock
desafio_ia_vortex_v1/img_1198.jpg,peacock
desafio_ia_vortex_v1/img_1199.jpg,peacock
desafio_ia_vortex_v1/img_1200.jpg,peacock
desafio_ia_vortex_v1/img_1201.jpg,peacock
desafio_ia_vortex_v1/img_1202.jpg,peacock
desafio_ia_vortex_v1/img_1203.jpg,peacock
desafio_ia_vortex_v1/img_1204.jpg,peacock
desafio_ia_vortex_v1/img_1205.jpg,peacock
desafio_ia_vortex_v1/img_1206.jpg,peacock
desafio_ia_vortex_v1/img_1207.jpg,peacock
desafio_ia_vortex_v1/img_1208.jpg,peacock
desafio_ia_vortex_v1/img_1209.jpg,peacock
desafio_ia_vortex_v1/img_1210.jpg,peacock
desafio_ia_vortex_v1/img_1211.jpg,peacock
desafio_ia_vortex_v1/img_1212.jpg,peacock
desafio_ia_vortex_v1/img_1213.jpg,peacock
desafio_ia_vortex_v1/img_1214.jpg,peacock
desafio_ia_vortex_v1/img_1215.jpg,peacock
desafio_ia_vortex_v1/img_1216.jpg,peacock
desafio_ia_vortex_v1/img_1217.jpg,peacock
desafio_ia_vortex_v1/img_1218.jpg,peacock
desafio_ia_vortex_v1/img_1219.jpg,peacock
desafio_ia_vortex_v1/img_1220.jpg,peacock
desafio_ia_vortex_v1/img_1221.jpg,peacock
desafio_ia_vortex_v1/img_1222.jpg,peacock
desafio_ia_vortex_v1/img_1223.jpg,peacock
desafio_ia_vortex_v1/img_1224.jpg,peacock
desafio_ia_vortex_v1/img_1225.jpg,peacock
desafio_ia_vortex_v1/img_1226.jpg,peacock
desafio_ia_vortex_v1/img_1227.jpg,peacock
desafio_ia_vortex_v1/img_1228.jpg,peacock
desafio_ia_vortex_v1/img_1229.jpg,peacock
desafio_ia_vortex_v1/img_1230.jpg,peacock
desafio_ia_vortex_v1/img_1231.jpg,peacock
desafio_ia_vortex_v1/img_1232.jpg,peacock
desafio_ia_vortex_v1/img_1233.jpg,peacock
desafio_ia_vortex_v1/img_1234.jpg,peacock
desafio_ia_vortex_v1/img_1235.jpg,peacock
desafio_ia_vortex_v1/img_1236.jpg,peacock
desafio_ia_vortex_v1/img_1237.jpg,peacock
desafio_ia_vortex_v1/img_1238.jpg,peacock
desafio_ia_vortex_v1/img_1239.jpg,peacock
desafio_ia_vortex_v1/img_1240.jpg,peacock
desafio_ia_vortex_v1/img_1241.jpg,peacock
desafio_ia_vortex_v1/img_1242.jpg,peacock
desafio_ia_vortex_v1/img_1243.jpg,peacock
desafio_ia_vortex_v1/img_1244.jpg,peacock
desafio_ia_vortex_v1/img_1245.jpg,peacock
desafio_ia_vortex_v1/img_1246.jpg,peacock
desafio_ia_vortex_v1/img_1247.jpg,peacock
desafio_ia_vortex_v1/img_1248.jpg,peacock
desafio_ia_vortex_v1/img_1249.jpg,peacock
desafio_ia_vortex_v1/img_1250.jpg,peacock
desafio_ia_vortex_v1/img_1251.jpg,peacock
desafio_ia_vortex_v1/img_1252.jpg,peacock
desafio_ia_vortex_v1/img_1253.jpg,peacock
desafio_ia_vortex_v1/img_1254.jpg,peacock
desafio_ia_vortex_v1/img_1255.jpg,peacock
desafio_ia_vortex_v1/img_1256.jpg,peacock
desafio_ia_vortex_v1/img_1257.jpg,peacock
desafio_ia_vortex_v1/img_1258.jpg,peacock
desafio_ia_vortex_v1/img_1259.jpg,peacock
desafio_ia_vortex_v1/img_1260.jpg,peacock
desafio_ia_vortex_v1/img_1261.jpg,peacock
desafio_ia_vortex_v1/img_1262.jpg,peacock
desafio_ia_vortex_v1/img_1263.jpg,peacock
desafio_ia_vortex_v1/img_1264.jpg,peacock
desafio_ia_vortex_v1/img_1265.jpg,peacock
desafio_ia_vortex_v1/img_1266.jpg,peacock
desafio_ia_vortex_v1/img_1267.jpg,peacock
desafio_ia_vortex_v1/img_1268.jpg,peacock
desafio_ia_vortex_v1/img_1269.jpg,peacock
desafio_ia_vortex_v1/img_1270.jpg,peacock
desafio_ia_vortex_v1/img_1271.jpg,peacock
desafio_ia_vortex_v1/img_1272.jpg,peacock
desafio_ia_vortex_v1/img_1273.jpg,peacock
desafio_ia_vortex_v1/img_1274.jpg,peacock
desafio_ia_vortex_v1/img_1275.jpg,peacock
desafio_ia_vortex_v1/img_1276.jpg,peacock
desafio_ia_vortex_v1/img_1277.jpg,peacock
desafio_ia_vortex_v1/img_1278.jpg,peacock
desafio_ia_vortex_v1/img_1279.jpg,peacock
desafio_ia_vortex_v1/img_1280.jpg,peacock
desafio_ia_vortex_v1/img_1281.jpg,peacock
desafio_ia_vortex_v1/img_1282.jpg,peacock
desafio_ia_vortex_v1/img_1283.jpg,peacock
desafio_ia_vortex_v1/img_1284.jpg,peacock
desafio_ia_vortex_v1/img_1285.jpg,peacock
desafio_ia_vortex_v1/img_1286.jpg,peacock
desafio_ia_vortex_v1/img_1287.jpg,peacock
desafio_ia_vortex_v1/img_1288.jpg,peacock
desafio_ia_vortex_v1/img_1289.jpg,peacock
desafio_ia_vortex_v1/img_1290.jpg,peacock
desafio_ia_vortex_v1/img_1291.jpg,peacock
desafio_ia_vortex_v1/img_1292.jpg,peacock
desafio_ia_vortex_v1/img_1293.jpg,peacock
desafio_ia_vortex_v1/img_1294.jpg,peacock
desafio_ia_vortex_v1/img_1295.jpg,peacock
desafio_ia_vortex_v1/img_1296.jpg,peacock
desafio_ia_vortex_v1/img_1297.jpg,peacock
desafio_ia_vortex_v1/img_1298.jpg,peacock
desafio_ia_vortex_v1/img_1299.jpg,peacock
desafio_ia_vortex_v1/img_1300.jpg,peacock
desafio_ia_vortex_v1/img_1301.jpg,peacock
desafio_ia_vortex_v1/img_1302.jpg,peacock
desafio_ia_vortex_v1/img_1303.jpg,peacock
desafio_ia_vortex_v1/img_1304.jpg,peacock
desafio_ia_vortex_v1/img_1305.jpg,peacock
desafio_ia_vortex_v1/img_1306.jpg,peacock
desafio_ia_vortex_v1/img_1307.jpg,peacock
desafio_ia_vortex_v1/img_1308.jpg,peacock
desafio_ia_vortex_v1/img_1309.jpg,peacock
desafio_ia_vortex_v1/img_1310.jpg,peacock
desafio_ia_vortex_v1/img_1311.jpg,peacock
desafio_ia_vortex_v1/img_1312.jpg,peacock
desafio_ia_vortex_v1/img_1313.jpg,peacock
desafio_ia_vortex_v1/img_1314.jpg,peacock
desafio_ia_vortex_v1/img_1315.jpg,peacock
desafio_ia_vortex_v1/img_1316.jpg,peacock
desafio_ia_vortex_v1/img_1317.jpg,peacock
desafio_ia_vortex_v1/img_1318.jpg,peacock
desafio_ia_vortex_v1/img_1319.jpg,peacock
desafio_ia_vortex_v1/img_1320.jpg,cat
desafio_ia_vortex_v1/img_1321.jpg,cat
desafio_ia_vortex_v1/img_1322.jpg,cat
desafio_ia_vortex_v1/img_1323.jpg,cat
desafio_ia_vortex_v1/img_1324.jpg,cat
desafio_ia_vortex_v1/img_1325.jpg,cat
desafio_ia_vortex_v1/img_1326.jpg,cat
desafio_ia_vortex_v1/img_1327.jpg,cat
desafio_ia_vortex_v1/img_1328.jpg,cat
desafio_ia_vortex_v1/img_1329.jpg,cat
desafio_ia_vortex_v1/img_1330.jpg,cat
desafio_ia_vortex_v1/img_1331.jpg,cat
desafio_ia_vortex_v1/img_1332.jpg,cat
desafio_ia_vortex_v1/img_1333.jpg,cat
desafio_ia_vortex_v1/img_1334.jpg,cat
desafio_ia_vortex_v1/img_1335.jpg,cat
desafio_ia_vortex_v1/img_1336.jpg,cat
desafio_ia_vortex_v1/img_1337.jpg,cat
desafio_ia_vortex_v1/img_1338.jpg,cat
desafio_ia_vortex_v1/img_1339.jpg,cat
desafio_ia_vortex_v1/img_1340.jpg,cat
desafio_ia_vortex_v1/img_1341.jpg,cat
desafio_ia_vortex_v1/img_1342.jpg,cat
desafio_ia_vortex_v1/img_1343.jpg,cat
desafio_ia_vortex_v1/img_1344.jpg,cat
desafio_ia_vortex_v1/img_1345.jpg,cat
desafio_ia_vortex_v1/img_1346.jpg,cat
desafio_ia_vortex_v1/img_1347.jpg,cat
desafio_ia_vortex_v1/img_1348.jpg,cat
desafio_ia_vortex_v1/img_1349.jpg,cat
desafio_ia_vortex_v1/img_1350.jpg,cat
desafio_ia_vortex_v1/img_1351.jpg,cat
desafio_ia_vortex_v1/img_1352.jpg,cat
desafio_ia_vortex_v1/img_1353.jpg,cat
desafio_ia_vortex_v1/img_1354.jpg,cat
desafio_ia_vortex_v1/img_1355.jpg,cat
desafio_ia_vortex_v1/img_1356.jpg,cat
desafio_ia_vortex_v1/img_1357.jpg,cat
desafio_ia_vortex_v1/img_1358.jpg,cat
desafio_ia_vortex_v1/img_1359.jpg,cat
desafio_ia_vortex_v1/img_1360.jpg,cat
desafio_ia_vortex_v1/img_1361.jpg,cat
desafio_ia_vortex_v1/img_1362.jpg,cat
desafio_ia_vortex_v1/img_1363.jpg,cat
desafio_ia_vortex_v1/img_1364.jpg,cat
desafio_ia_vortex_v1/img_1365.jpg,cat
desafio_ia_vortex_v1/img_1366.jpg,cat
desafio_ia_vortex_v1/img_1367.jpg,cat
desafio_ia_vortex_v1/img_1368.jpg,cat
desafio_ia_vortex_v1/img_1369.jpg,cat
desafio_ia_vortex_v1/img_1370.jpg,cat
desafio_ia_vortex_v1/img_1371.jpg,cat
desafio_ia_vortex_v1/img_1372.jpg,cat
desafio_ia_vortex_v1/img_1373.jpg,cat
desafio_ia_vortex_v1/img_1374.jpg,cat
desafio_ia_vortex_v1/img_1375.jpg,cat
desafio_ia_vortex_v1/img_1376.jpg,cat
desafio_ia_vortex_v1/img_1377.jpg,cat
desafio_ia_vortex_v1/img_1378.jpg,cat
desafio_ia_vortex_v1/img_1379.jpg,cat
desafio_ia_vortex_v1/img_1380.jpg,cat
desafio_ia_vortex_v1/img_1381.jpg,cat
desafio_ia_vortex_v1/img_1382.jpg,cat
desafio_ia_vortex_v1/img_1383.jpg,cat
desafio_ia_vortex_v1/img_1384.jpg,cat
desafio_ia_vortex_v1/img_1385.jpg,cat
desafio_ia_vortex_v1/img_1386.jpg,cat
desafio_ia_vortex_v1/img_1387.jpg,cat
desafio_ia_vortex_v1/img_1388.jpg,cat
desafio_ia_vortex_v1/img_1389.jpg,cat
desafio_ia_vortex_v1/img_1390.jpg,cat
desafio_ia_vortex_v1/img_1391.jpg,cat
desafio_ia_vortex_v1/img_1392.jpg,cat
desafio_ia_vortex_v1/img_1393.jpg,cat
desafio_ia_vortex_v1/img_1394.jpg,cat
desafio_ia_vortex_v1/img_1395.jpg,cat
desafio_ia_vortex_v1/img_1396.jpg,cat
desafio_ia_vortex_v1/img_1397.jpg,cat
desafio_ia_vortex_v1/img_1398.jpg,cat
desafio_ia_vortex_v1/img_1399.jpg,cat
desafio_ia_vortex_v1/img_1400.jpg,cat
desafio_ia_vortex_v1/img_1401.jpg,cat
desafio_ia_vortex_v1/img_1402.jpg,cat
desafio_ia_vortex_v1/img_1403.jpg,cat
desafio_ia_vortex_v1/img_1404.jpg,cat
desafio_ia_vortex_v1/img_1405.jpg,cat
desafio_ia_vortex_v1/img_1406.jpg,cat
desafio_ia_vortex_v1/img_1407.jpg,cat
desafio_ia_vortex_v1/img_1408.jpg,cat
desafio_ia_vortex_v1/img_1409.jpg,cat
desafio_ia_vortex_v1/img_1410.jpg,cat
desafio_ia_vortex_v1/img_1411.jpg,cat
desafio_ia_vortex_v1/img_1412.jpg,cat
desafio_ia_vortex_v1/img_1413.jpg,cat
desafio_ia_vortex_v1/img_1414.jpg,cat
desafio_ia_vortex_v1/img_1415.jpg,cat
desafio_ia_vortex_v1/img_1416.jpg,cat
desafio_ia_vortex_v1/img_1417.jpg,cat
desafio_ia_vortex_v1/img_1418.jpg,cat
desafio_ia_vortex_v1/img_1419.jpg,cat
desafio_ia_vortex_v1/img_1420.jpg,cat
desafio_ia_vortex_v1/img_1421.jpg,cat
desafio_ia_vortex_v1/img_1422.jpg,cat
desafio_ia_vortex_v1/img_1423.jpg,cat
desafio_ia_vortex_v1/img_1424.jpg,cat
desafio_ia_vortex_v1/img_1425.jpg,cat
desafio_ia_vortex_v1/img_1426.jpg,cat
desafio_ia_vortex_v1/img_1427.jpg,cat
desafio_ia_vortex_v1/img_1428.jpg,cat
desafio_ia_vortex_v1/img_1429.jpg,cat
desafio_ia_vortex_v1/img_1430.jpg,cat
desafio_ia_vortex_v1/img_1431.jpg,cat
desafio_ia_vortex_v1/img_1432.jpg,cat
desafio_ia_vortex_v1/img_1433.jpg,cat
desafio_ia_vortex_v1/img_1434.jpg,cat
desafio_ia_vortex_v1/img_1435.jpg,cat
desafio_ia_vortex_v1/img_1436.jpg,cat
desafio_ia_vortex_v1/img_1437.jpg,cat
desafio_ia_vortex_v1/img_1438.jpg,cat
desafio_ia_vortex_v1/img_1439.jpg,cat
desafio_ia_vortex_v1/img_1440.jpg,cat
desafio_ia_vortex_v1/img_1441.jpg,cat
desafio_ia_vortex_v1/img_1442.jpg,cat
desafio_ia_vortex_v1/img_1443.jpg,cat
desafio_ia_vortex_v1/img_1444.jpg,cat
desafio_ia_vortex_v1/img_1445.jpg,cat
desafio_ia_vortex_v1/img_1446.jpg,cat
desafio_ia_vortex_v1/img_1447.jpg,cat
desafio_ia_vortex_v1/img_1448.jpg,cat
desafio_ia_vortex_v1/img_1449.jpg,cat
desafio_ia_vortex_v1/img_1450.jpg,cat
desafio_ia_vortex_v1/img_1451.jpg,cat
desafio_ia_vortex_v1/img_1452.jpg,cat
desafio_ia_vortex_v1/img_1453.jpg,cat
desafio_ia_vortex_v1/img_1454.jpg,cat
desafio_ia_vortex_v1/img_1455.jpg,cat
desafio_ia_vortex_v1/img_1456.jpg,cat
desafio_ia_vortex_v1/img_1457.jpg,cat
desafio_ia_vortex_v1/img_1458.jpg,cat
desafio_ia_vortex_v1/img_1459.jpg,cat
desafio_ia_vortex_v1/img_1460.jpg,cat
desafio_ia_vortex_v1/img_1461.jpg,cat
desafio_ia_vortex_v1/img_1462.jpg,cat
desafio_ia_vortex_v1/img_1463.jpg,cat
desafio_ia_vortex_v1/img_1464.jpg,cat
desafio_ia_vortex_v1/img_1465.jpg,cat
desafio_ia_vortex_v1/img_1466.jpg,cat
desafio_ia_vortex_v1/img_1467.jpg,cat
desafio_ia_vortex_v1/img_1468.jpg,cat
desafio_ia_vortex_v1/img_1469.jpg,cat
desafio_ia_vortex_v1/img_1470.jpg,cat
desafio_ia_vortex_v1/img_1471.jpg,cat
desafio_ia_vortex_v1/img_1472.jpg,cat
desafio_ia_vortex_v1/img_1473.jpg,cat
desafio_ia_vortex_v1/img_1474.jpg,cat
desafio_ia_vortex_v1/img_1475.jpg,cat
desafio_ia_vortex_v1/img_1476.jpg,cat
desafio_ia_vortex_v1/img_1477.jpg,cat
desafio_ia_vortex_v1/img_1478.jpg,cat
desafio_ia_vortex_v1/img_1479.jpg,cat
desafio_ia_vortex_v1/img_1480.jpg,cat
desafio_ia_vortex_v1/img_1481.jpg,cat
desafio_ia_vortex_v1/img_1482.jpg,cat
desafio_ia_vortex_v1/img_1483.jpg,cat
desafio_ia_vortex_v1/img_1484.jpg,cat
desafio_ia_vortex_v1/img_1485.jpg,cat
desafio_ia_vortex_v1/img_1486.jpg,cat
desafio_ia_vortex_v1/img_1487.jpg,cat
desafio_ia_vortex_v1/img_1488.jpg,cat
desafio_ia_vortex_v1/img_1489.jpg,cat
desafio_ia_vortex_v1/img_1490.jpg,cat
desafio_ia_vortex_v1/img_1491.jpg,cat
desafio_ia_vortex_v1/img_1492.jpg,cat
desafio_ia_vortex_v1/img_1493.jpg,cat
desafio_ia_vortex_v1/img_1494.jpg,cat
desafio_ia_vortex_v1/img_1495.jpg,cat
desafio_ia_vortex_v1/img_1496.jpg,cat
desafio_ia_vortex_v1/img_1497.jpg,cat
desafio_ia_vortex_v1/img_1498.jpg,cat
desafio_ia_vortex_v1/img_1499.jpg,cat
desafio_ia_vortex_v1/img_1500.jpg,cat
desafio_ia_vortex_v1/img_1501.jpg,cat
desafio_ia_vortex_v1/img_1502.jpg,cat
desafio_ia_vortex_v1/img_1503.jpg,cat
desafio_ia_vortex_v1/img_1504.jpg,cat
desafio_ia_vortex_v1/img_1505.jpg,cat
desafio_ia_vortex_v1/img_1506.jpg,cat
desafio_ia_vortex_v1/img_1507.jpg,cat
desafio_ia_vortex_v1/img_1508.jpg,cat
desafio_ia_vortex_v1/img_1509.jpg,cat
desafio_ia_vortex_v1/img_1510.jpg,cat
desafio_ia_vortex_v1/img_1511.jpg,cat
desafio_ia_vortex_v1/img_1512.jpg,cat
desafio_ia_vortex_v1/img_1513.jpg,cat
desafio_ia_vortex_v1/img_1514.jpg,cat
desafio_ia_vortex_v1/img_1515.jpg,cat
desafio_ia_vortex_v1/img_1516.jpg,cat
desafio_ia_vortex_v1/img_1517.jpg,cat
desafio_ia_vortex_v1/img_1518.jpg,cat
desafio_ia_vortex_v1/img_1519.jpg,cat
desafio_ia_vortex_v1/img_1520.jpg,cat
desafio_ia_vortex_v1/img_1521.jpg,cat
desafio_ia_vortex_v1/img_1522.jpg,cat
desafio_ia_vortex_v1/img_1523.jpg,cat
desafio_ia_vortex_v1/img_1524.jpg,cat
desafio_ia_vortex_v1/img_1525.jpg,cat
desafio_ia_vortex_v1/img_1526.jpg,cat
desafio_ia_vortex_v1/img_1527.jpg,cat
desafio_ia_vortex_v1/img_1528.jpg,cat
desafio_ia_vortex_v1/img_1529.jpg,cat
desafio_ia_vortex_v1/img_1530.jpg,cat
desafio_ia_vortex_v1/img_1531.jpg,cat
desafio_ia_vortex_v1/img_1532.jpg,cat
desafio_ia_vortex_v1/img_1533.jpg,cat
desafio_ia_vortex_v1/img_1534.jpg,cat
desafio_ia_vortex_v1/img_1535.jpg,cat
desafio_ia_vortex_v1/img_1536.jpg,cat
desafio_ia_vortex_v1/img_1537.jpg,cat
desafio_ia_vortex_v1/img_1538.jpg,cat
desafio_ia_vortex_v1/img_1539.jpg,cat
desafio_ia_vortex_v1/img_1540.jpg,cat
desafio_ia_vortex_v1/img_1541.jpg,cat
desafio_ia_vortex_v1/img_1542.jpg,cat
desafio_ia_vortex_v1/img_1543.jpg,cat
desafio_ia_vortex_v1/img_1544.jpg,cat
desafio_ia_vortex_v1/img_1545.jpg,cat
desafio_ia_vortex_v1/img_1546.jpg,cat
desafio_ia_vortex_v1/img_1547.jpg,cat
desafio_ia_vortex_v1/img_1548.jpg,cat
desafio_ia_vortex_v1/img_1549.jpg,cat
desafio_ia_vortex_v1/img_1550.jpg,cat
desafio_ia_vortex_v1/img_1551.jpg,cat
desafio_ia_vortex_v1/img_1552.jpg,cat
desafio_ia_vortex_v1/img_1553.jpg,cat
desafio_ia_vortex_v1/img_1554.jpg,cat
desafio_ia_vortex_v1/img_1555.jpg,cat
desafio_ia_vortex_v1/img_1556.jpg,cat
desafio_ia_vortex_v1/img_1557.jpg,cat
desafio_ia_vortex_v1/img_1558.jpg,cat
desafio_ia_vortex_v1/img_1559.jpg,cat
desafio_ia_vortex_v1/img_1560.jpg,cat
desafio_ia_vortex_v1/img_1561.jpg,cat
desafio_ia_vortex_v1/img_1562.jpg,cat
desafio_ia_vortex_v1/img_1563.jpg,cat
desafio_ia_vortex_v1/img_1564.jpg,cat
desafio_ia_vortex_v1/img_1565.jpg,cat
desafio_ia_vortex_v1/img_1566.jpg,cat
desafio_ia_vortex_v1/img_1567.jpg,cat
desafio_ia_vortex_v1/img_1568.jpg,cat
desafio_ia_vortex_v1/img_1569.jpg,cat
desafio_ia_vortex_v1/img_1570.jpg,cat
desafio_ia_vortex_v1/img_1571.jpg,cat
desafio_ia_vortex_v1/img_1572.jpg,cat
desafio_ia_vortex_v1/img_1573.jpg,cat
desafio_ia_vortex_v1/img_1574.jpg,cat
desafio_ia_vortex_v1/img_1575.jpg,cat
desafio_ia_vortex_v1/img_1576.jpg,cat
desafio_ia_vortex_v1/img_1577.jpg,cat
desafio_ia_vortex_v1/img_1578.jpg,cat
desafio_ia_vortex_v1/img_1579.jpg,cat
desafio_ia_vortex_v1/img_1580.jpg,cat
desafio_ia_vortex_v1/img_1581.jpg,cat
desafio_ia_vortex_v1/img_1582.jpg,cat
desafio_ia_vortex_v1/img_1583.jpg,cat
desafio_ia_vortex_v1/img_1584.jpg,cat
desafio_ia_vortex_v1/img_1585.jpg,cat
desafio_ia_vortex_v1/img_1586.jpg,cat
desafio_ia_vortex_v1/img_1587.jpg,cat
desafio_ia_vortex_v1/img_1588.jpg,cat
desafio_ia_vortex_v1/img_1589.jpg,cat
desafio_ia_vortex_v1/img_1590.jpg,cat
desafio_ia_vortex_v1/img_1591.jpg,cat
desafio_ia_vortex_v1/img_1592.jpg,cat
desafio_ia_vortex_v1/img_1593.jpg,cat
desafio_ia_vortex_v1/img_1594.jpg,cat
desafio_ia_vortex_v1/img_1595.jpg,cat
desafio_ia_vortex_v1/img_1596.jpg,cat
desafio_ia_vortex_v1/img_1597.jpg,cat
desafio_ia_vortex_v1/img_1598.jpg,cat
desafio_ia_vortex_v1/img_1599.jpg,cat
desafio_ia_vortex_v1/img_1600.jpg,cat
desafio_ia_vortex_v1/img_1601.jpg,cat
desafio_ia_vortex_v1/img_1602.jpg,cat
desafio_ia_vortex_v1/img_1603.jpg,cat
desafio_ia_vortex_v1/img_1604.jpg,cat
desafio_ia_vortex_v1/img_1605.jpg,cat
desafio_ia_vortex_v1/img_1606.jpg,cat
desafio_ia_vortex_v1/img_1607.jpg,cat
desafio_ia_vortex_v1/img_1608.jpg,cat
desafio_ia_vortex_v1/img_1609.jpg,cat
desafio_ia_vortex_v1/img_1610.jpg,cat
desafio_ia_vortex_v1/img_1611.jpg,cat
desafio_ia_vortex_v1/img_1612.jpg,cat
desafio_ia_vortex_v1/img_1613.jpg,cat
desafio_ia_vortex_v1/img_1614.jpg,cat
desafio_ia_vortex_v1/img_1615.jpg,cat
desafio_ia_vortex_v1/img_1616.jpg,cat
desafio_ia_vortex_v1/img_1617.jpg,cat
desafio_ia_vortex_v1/img_1618.jpg,cat
desafio_ia_vortex_v1/img_1619.jpg,cat
desafio_ia_vortex_v1/img_1620.jpg,cat
desafio_ia_vortex_v1/img_1621.jpg,cat
desafio_ia_vortex_v1/img_1622.jpg,cat
desafio_ia_vortex_v1/img_1623.jpg,cat
desafio_ia_vortex_v1/img_1624.jpg,cat
desafio_ia_vortex_v1/img_1625.jpg,cat
desafio_ia_vortex_v1/img_1626.jpg,cat
desafio_ia_vortex_v1/img_1627.jpg,cat
desafio_ia_vortex_v1/img_1628.jpg,cat
desafio_ia_vortex_v1/img_1629.jpg,cat
desafio_ia_vortex_v1/img_1630.jpg,cat
desafio_ia_vortex_v1/img_1631.jpg,cat
desafio_ia_vortex_v1/img_1632.jpg,cat
desafio_ia_vortex_v1/img_1633.jpg,cat
desafio_ia_vortex_v1/img_1634.jpg,cat
desafio_ia_vortex_v1/img_1635.jpg,cat
desafio_ia_vortex_v1/img_1636.jpg,cat
desafio_ia_vortex_v1/img_1637.jpg,cat
desafio_ia_vortex_v1/img_1638.jpg,cat
desafio_ia_vortex_v1/img_1639.jpg,cat
desafio_ia_vortex_v1/img_1640.jpg,cat
desafio_ia_vortex_v1/img_1641.jpg,cat
desafio_ia_vortex_v1/img_1642.jpg,cat
desafio_ia_vortex_v1/img_1643.jpg,cat
desafio_ia_vortex_v1/img_1644.jpg,cat
desafio_ia_vortex_v1/img_1645.jpg,cat
desafio_ia_vortex_v1/img_1646.jpg,cat
desafio_ia_vortex_v1/img_1647.jpg,cat
desafio_ia_vortex_v1/img_1648.jpg,cat
desafio_ia_vortex_v1/img_1649.jpg,cat
desafio_ia_vortex_v1/img_1650.jpg,cat
desafio_ia_vortex_v1/img_1651.jpg,cat
desafio_ia_vortex_v1/img_1652.jpg,cat
desafio_ia_vortex_v1/img_1653.jpg,cat
desafio_ia_vortex_v1/img_1654.jpg,cat
desafio_ia_vortex_v1/img_1655.jpg,cat
desafio_ia_vortex_v1/img_1656.jpg,cat
desafio_ia_vortex_v1/img_1657.jpg,cat
desafio_ia_vortex_v1/img_1658.jpg,cat
desafio_ia_vortex_v1/img_1659.jpg,cat
desafio_ia_vortex_v1/img_1660.jpg,cat
desafio_ia_vortex_v1/img_1661.jpg,cat
desafio_ia_vortex_v1/img_1662.jpg,cat
desafio_ia_vortex_v1/img_1663.jpg,cat
desafio_ia_vortex_v1/img_1664.jpg,cat
desafio_ia_vortex_v1/img_1665.jpg,cat
desafio_ia_vortex_v1/img_1666.jpg,cat
desafio_ia_vortex_v1/img_1667.jpg,cat
desafio_ia_vortex_v1/img_1668.jpg,cat
desafio_ia_vortex_v1/img_1669.jpg,cat
desafio_ia_vortex_v1/img_1670.jpg,cat
desafio_ia_vortex_v1/img_1671.jpg,cat
desafio_ia_vortex_v1/img_1672.jpg,cat
desafio_ia_vortex_v1/img_1673.jpg,cat
desafio_ia_vortex_v1/img_1674.jpg,cat
desafio_ia_vortex_v1/img_1675.jpg,cat
desafio_ia_vortex_v1/img_1676.jpg,cat
desafio_ia_vortex_v1/img_1677.jpg,cat
desafio_ia_vortex_v1/img_1678.jpg,cat
desafio_ia_vortex_v1/img_1679.jpg,cat
desafio_ia_vortex_v1/img_1680.jpg,cat
desafio_ia_vortex_v1/img_1681.jpg,cat
desafio_ia_vortex_v1/img_1682.jpg,cat
desafio_ia_vortex_v1/img_1683.jpg,cat
desafio_ia_vortex_v1/img_1684.jpg,cat
desafio_ia_vortex_v1/img_1685.jpg,cat
desafio_ia_vortex_v1/img_1686.jpg,cat
desafio_ia_vortex_v1/img_1687.jpg,cat
desafio_ia_vortex_v1/img_1688.jpg,cat
desafio_ia_vortex_v1/img_1689.jpg,cat
desafio_ia_vortex_v1/img_1690.jpg,cat
desafio_ia_vortex_v1/img_1691.jpg,cat
desafio_ia_vortex_v1/img_1692.jpg,cat
desafio_ia_vortex_v1/img_1693.jpg,cat
desafio_ia_vortex_v1/img_1694.jpg,cat
desafio_ia_vortex_v1/img_1695.jpg,cat
desafio_ia_vortex_v1/img_1696.jpg,cat
desafio_ia_vortex_v1/img_1697.jpg,cat
desafio_ia_vortex_v1/img_1698.jpg,cat
desafio_ia_vortex_v1/img_1699.jpg,cat
desafio_ia_vortex_v1/img_1700.jpg,cat
desafio_ia_vortex_v1/img_1701.jpg,cat
desafio_ia_vortex_v1/img_1702.jpg,cat
desafio_ia_vortex_v1/img_1703.jpg,cat
desafio_ia_vortex_v1/img_1704.jpg,cat
desafio_ia_vortex_v1/img_1705.jpg,cat
desafio_ia_vortex_v1/img_1706.jpg,cat
desafio_ia_vortex_v1/img_1707.jpg,cat
desafio_ia_vortex_v1/img_1708.jpg,cat
desafio_ia_vortex_v1/img_1709.jpg,cat
desafio_ia_vortex_v1/img_1710.jpg,cat
desafio_ia_vortex_v1/img_1711.jpg,cat
desafio_ia_vortex_v1/img_1712.jpg,cat
desafio_ia_vortex_v1/img_1713.jpg,cat
desafio_ia_vortex_v1/img_1714.jpg,cat
desafio_ia_vortex_v1/img_1715.jpg,cat
desafio_ia_vortex_v1/img_1716.jpg,cat
desafio_ia_vortex_v1/img_1717.jpg,cat
desafio_ia_vortex_v1/img_1718.jpg,cat
desafio_ia_vortex_v1/img_1719.jpg,cat
desafio_ia_vortex_v1/img_1720.jpg,cat
desafio_ia_vortex_v1/img_1721.jpg,cat
desafio_ia_vortex_v1/img_1722.jpg,cat
desafio_ia_vortex_v1/img_1723.jpg,cat
desafio_ia_vortex_v1/img_1724.jpg,cat
desafio_ia_vortex_v1/img_1725.jpg,cat
desafio_ia_vortex_v1/img_1726.jpg,cat
desafio_ia_vortex_v1/img_1727.jpg,cat
desafio_ia_vortex_v1/img_1728.jpg,cat
desafio_ia_vortex_v1/img_1729.jpg,cat
desafio_ia_vortex_v1/img_1730.jpg,cat
desafio_ia_vortex_v1/img_1731.jpg,cat
desafio_ia_vortex_v1/img_1732.jpg,cat
desafio_ia_vortex_v1/img_1733.jpg,cat
desafio_ia_vortex_v1/img_1734.jpg,cat
desafio_ia_vortex_v1/img_1735.jpg,cat
desafio_ia_vortex_v1/img_1736.jpg,cat
desafio_ia_vortex_v1/img_1737.jpg,cat
desafio_ia_vortex_v1/img_1738.jpg,cat
desafio_ia_vortex_v1/img_1739.jpg,cat
desafio_ia_vortex_v1/img_1740.jpg,cat
desafio_ia_vortex_v1/img_1741.jpg,cat
desafio_ia_vortex_v1/img_1742.jpg,cat
desafio_ia_vortex_v1/img_1743.jpg,cat
desafio_ia_vortex_v1/img_1744.jpg,cat
desafio_ia_vortex_v1/img_1745.jpg,cat
desafio_ia_vortex_v1/img_1746.jpg,cat
desafio_ia_vortex_v1/img_1747.jpg,cat
desafio_ia_vortex_v1/img_1748.jpg,cat
desafio_ia_vortex_v1/img_1749.jpg,cat
desafio_ia_vortex_v1/img_1750.jpg,cat
desafio_ia_vortex_v1/img_1751.jpg,cat
desafio_ia_vortex_v1/img_1752.jpg,cat
desafio_ia_vortex_v1/img_1753.jpg,cat
desafio_ia_vortex_v1/img_1754.jpg,cat
desafio_ia_vortex_v1/img_1755.jpg,cat
desafio_ia_vortex_v1/img_1756.jpg,cat
desafio_ia_vortex_v1/img_1757.jpg,cat
desafio_ia_vortex_v1/img_1758.jpg,cat
desafio_ia_vortex_v1/img_1759.jpg,cat
desafio_ia_vortex_v1/img_1760.jpg,cat
desafio_ia_vortex_v1/img_1761.jpg,cat
desafio_ia_vortex_v1/img_1762.jpg,cat
desafio_ia_vortex_v1/img_1763.jpg,cat
desafio_ia_vortex_v1/img_1764.jpg,cat
desafio_ia_vortex_v1/img_1765.jpg,cat
desafio_ia_vortex_v1/img_1766.jpg,cat
desafio_ia_vortex_v1/img_1767.jpg,cat
desafio_ia_vortex_v1/img_1768.jpg,cat
desafio_ia_vortex_v1/img_1769.jpg,cat
desafio_ia_vortex_v1/img_1770.jpg,cat
desafio_ia_vortex_v1/img_1771.jpg,cat
desafio_ia_vortex_v1/img_1772.jpg,cat
desafio_ia_vortex_v1/img_1773.jpg,cat
desafio_ia_vortex_v1/img_1774.jpg,cat
desafio_ia_vortex_v1/img_1775.jpg,cat
desafio_ia_vortex_v1/img_1776.jpg,cat
desafio_ia_vortex_v1/img_1777.jpg,cat
desafio_ia_vortex_v1/img_1778.jpg,cat
desafio_ia_vortex_v1/img_1779.jpg,cat
desafio_ia_vortex_v1/img_1780.jpg,cat
desafio_ia_vortex_v1/img_1781.jpg,cat
desafio_ia_vortex_v1/img_1782.jpg,cat
desafio_ia_vortex_v1/img_1783.jpg,cat
desafio_ia_vortex_v1/img_1784.jpg,cat
desafio_ia_vortex_v1/img_1785.jpg,cat
desafio_ia_vortex_v1/img_1786.jpg,cat
desafio_ia_vortex_v1/img_1787.jpg,cat
desafio_ia_vortex_v1/img_1788.jpg,cat
desafio_ia_vortex_v1/img_1789.jpg,cat
desafio_ia_vortex_v1/img_1790.jpg,cat
desafio_ia_vortex_v1/img_1791.jpg,cat
desafio_ia_vortex_v1/img_1792.jpg,cat
desafio_ia_vortex_v1/img_1793.jpg,cat
desafio_ia_vortex_v1/img_1794.jpg,cat
desafio_ia_vortex_v1/img_1795.jpg,cat
desafio_ia_vortex_v1/img_1796.jpg,cat
desafio_ia_vortex_v1/img_1797.jpg,cat
desafio_ia_vortex_v1/img_1798.jpg,cat
desafio_ia_vortex_v1/img_1799.jpg,cat
desafio_ia_vortex_v1/img_1800.jpg,cat
desafio_ia_vortex_v1/img_1801.jpg,cat
desafio_ia_vortex_v1/img_1802.jpg,cat
desafio_ia_vortex_v1/img_1803.jpg,cat
desafio_ia_vortex_v1/img_1804.jpg,cat
desafio_ia_vortex_v1/img_1805.jpg,cat
desafio_ia_vortex_v1/img_1806.jpg,cat
desafio_ia_vortex_v1/img_1807.jpg,cat
desafio_ia_vortex_v1/img_1808.jpg,cat
desafio_ia_vortex_v1/img_1809.jpg,cat
desafio_ia_vortex_v1/img_1810.jpg,cat
desafio_ia_vortex_v1/img_1811.jpg,lizard
desafio_ia_vortex_v1/img_1812.jpg,lizard
desafio_ia_vortex_v1/img_1813.jpg,lizard
desafio_ia_vortex_v1/img_1814.jpg,lizard
desafio_ia_vortex_v1/img_1815.jpg,lizard
desafio_ia_vortex_v1/img_1816.jpg,lizard
desafio_ia_vortex_v1/img_1817.jpg,lizard
desafio_ia_vortex_v1/img_1818.jpg,lizard
desafio_ia_vortex_v1/img_1819.jpg,lizard
desafio_ia_vortex_v1/img_1820.jpg,lizard
desafio_ia_vortex_v1/img_1821.jpg,lizard
desafio_ia_vortex_v1/img_1822.jpg,lizard
desafio_ia_vortex_v1/img_1823.jpg,lizard
desafio_ia_vortex_v1/img_1824.jpg,lizard
desafio_ia_vortex_v1/img_1825.jpg,lizard
desafio_ia_vortex_v1/img_1826.jpg,lizard
desafio_ia_vortex_v1/img_1827.jpg,lizard
desafio_ia_vortex_v1/img_1828.jpg,lizard
desafio_ia_vortex_v1/img_1829.jpg,lizard
desafio_ia_vortex_v1/img_1830.jpg,lizard
desafio_ia_vortex_v1/img_1831.jpg,lizard
desafio_ia_vortex_v1/img_1832.jpg,lizard
desafio_ia_vortex_v1/img_1833.jpg,lizard
desafio_ia_vortex_v1/img_1834.jpg,lizard
desafio_ia_vortex_v1/img_1835.jpg,lizard
desafio_ia_vortex_v1/img_1836.jpg,lizard
desafio_ia_vortex_v1/img_1837.jpg,lizard
desafio_ia_vortex_v1/img_1838.jpg,lizard
desafio_ia_vortex_v1/img_1839.jpg,lizard
desafio_ia_vortex_v1/img_1840.jpg,lizard
desafio_ia_vortex_v1/img_1841.jpg,lizard
desafio_ia_vortex_v1/img_1842.jpg,lizard
desafio_ia_vortex_v1/img_1843.jpg,lizard
desafio_ia_vortex_v1/img_1844.jpg,lizard
desafio_ia_vortex_v1/img_1845.jpg,lizard
desafio_ia_vortex_v1/img_1846.jpg,lizard
desafio_ia_vortex_v1/img_1847.jpg,lizard
desafio_ia_vortex_v1/img_1848.jpg,lizard
desafio_ia_vortex_v1/img_1849.jpg,lizard
desafio_ia_vortex_v1/img_1850.jpg,lizard
desafio_ia_vortex_v1/img_1851.jpg,lizard
desafio_ia_vortex_v1/img_1852.jpg,lizard
desafio_ia_vortex_v1/img_1853.jpg,lizard
desafio_ia_vortex_v1/img_1854.jpg,lizard
desafio_ia_vortex_v1/img_1855.jpg,lizard
desafio_ia_vortex_v1/img_1856.jpg,lizard
desafio_ia_vortex_v1/img_1857.jpg,lizard
desafio_ia_vortex_v1/img_1858.jpg,lizard
desafio_ia_vortex_v1/img_1859.jpg,lizard
desafio_ia_vortex_v1/img_1860.jpg,lizard
desafio_ia_vortex_v1/img_1861.jpg,lizard
desafio_ia_vortex_v1/img_1862.jpg,lizard
desafio_ia_vortex_v1/img_1863.jpg,lizard
desafio_ia_vortex_v1/img_1864.jpg,lizard
desafio_ia_vortex_v1/img_1865.jpg,lizard
desafio_ia_vortex_v1/img_1866.jpg,lizard
desafio_ia_vortex_v1/img_1867.jpg,lizard
desafio_ia_vortex_v1/img_1868.jpg,lizard
desafio_ia_vortex_v1/img_1869.jpg,lizard
desafio_ia_vortex_v1/img_1870.jpg,lizard
desafio_ia_vortex_v1/img_1871.jpg,lizard
desafio_ia_vortex_v1/img_1872.jpg,lizard
desafio_ia_vortex_v1/img_1873.jpg,lizard
desafio_ia_vortex_v1/img_1874.jpg,lizard
desafio_ia_vortex_v1/img_1875.jpg,lizard
desafio_ia_vortex_v1/img_1876.jpg,lizard
desafio_ia_vortex_v1/img_1877.jpg,lizard
desafio_ia_vortex_v1/img_1878.jpg,lizard
desafio_ia_vortex_v1/img_1879.jpg,lizard
desafio_ia_vortex_v1/img_1880.jpg,lizard
desafio_ia_vortex_v1/img_1881.jpg,lizard
desafio_ia_vortex_v1/img_1882.jpg,lizard
desafio_ia_vortex_v1/img_1883.jpg,lizard
desafio_ia_vortex_v1/img_1884.jpg,lizard
desafio_ia_vortex_v1/img_1885.jpg,lizard
desafio_ia_vortex_v1/img_1886.jpg,lizard
desafio_ia_vortex_v1/img_1887.jpg,lizard
desafio_ia_vortex_v1/img_1888.jpg,lizard
desafio_ia_vortex_v1/img_1889.jpg,lizard
desafio_ia_vortex_v1/img_1890.jpg,lizard
desafio_ia_vortex_v1/img_1891.jpg,lizard
desafio_ia_vortex_v1/img_1892.jpg,lizard
desafio_ia_vortex_v1/img_1893.jpg,lizard
desafio_ia_vortex_v1/img_1894.jpg,lizard
desafio_ia_vortex_v1/img_1895.jpg,lizard
desafio_ia_vortex_v1/img_1896.jpg,lizard
desafio_ia_vortex_v1/img_1897.jpg,lizard
desafio_ia_vortex_v1/img_1898.jpg,lizard
desafio_ia_vortex_v1/img_1899.jpg,lizard
desafio_ia_vortex_v1/img_1900.jpg,lizard
desafio_ia_vortex_v1/img_1901.jpg,lizard
desafio_ia_vortex_v1/img_1902.jpg,lizard
desafio_ia_vortex_v1/img_1903.jpg,lizard
desafio_ia_vortex_v1/img_1904.jpg,lizard
desafio_ia_vortex_v1/img_1905.jpg,lizard
desafio_ia_vortex_v1/img_1906.jpg,lizard
desafio_ia_vortex_v1/img_1907.jpg,lizard
desafio_ia_vortex_v1/img_1908.jpg,lizard
desafio_ia_vortex_v1/img_1909.jpg,lizard
desafio_ia_vortex_v1/img_1910.jpg,lizard
desafio_ia_vortex_v1/img_1911.jpg,lizard
desafio_ia_vortex_v1/img_1912.jpg,lizard
desafio_ia_vortex_v1/img_1913.jpg,lizard
desafio_ia_vortex_v1/img_1914.jpg,lizard
desafio_ia_vortex_v1/img_1915.jpg,lizard
desafio_ia_vortex_v1/img_1916.jpg,lizard
desafio_ia_vortex_v1/img_1917.jpg,lizard
desafio_ia_vortex_v1/img_1918.jpg,lizard
desafio_ia_vortex_v1/img_1919.jpg,lizard
desafio_ia_vortex_v1/img_1920.jpg,lizard
desafio_ia_vortex_v1/img_1921.jpg,lizard
desafio_ia_vortex_v1/img_1922.jpg,lizard
desafio_ia_vortex_v1/img_1923.jpg,lizard
desafio_ia_vortex_v1/img_1924.jpg,lizard
desafio_ia_vortex_v1/img_1925.jpg,lizard
desafio_ia_vortex_v1/img_1926.jpg,lizard
desafio_ia_vortex_v1/img_1927.jpg,lizard
desafio_ia_vortex_v1/img_1928.jpg,lizard
desafio_ia_vortex_v1/img_1929.jpg,lizard
desafio_ia_vortex_v1/img_1930.jpg,lizard
desafio_ia_vortex_v1/img_1931.jpg,lizard
desafio_ia_vortex_v1/img_1932.jpg,lizard
desafio_ia_vortex_v1/img_1933.jpg,lizard
desafio_ia_vortex_v1/img_1934.jpg,lizard
desafio_ia_vortex_v1/img_1935.jpg,lizard
desafio_ia_vortex_v1/img_1936.jpg,lizard
desafio_ia_vortex_v1/img_1937.jpg,lizard
desafio_ia_vortex_v1/img_1938.jpg,lizard
desafio_ia_vortex_v1/img_1939.jpg,lizard
desafio_ia_vortex_v1/img_1940.jpg,lizard
desafio_ia_vortex_v1/img_1941.jpg,lizard
desafio_ia_vortex_v1/img_1942.jpg,lizard
desafio_ia_vortex_v1/img_1943.jpg,lizard
desafio_ia_vortex_v1/img_1944.jpg,lizard
desafio_ia_vortex_v1/img_1945.jpg,lizard
desafio_ia_vortex_v1/img_1946.jpg,lizard
desafio_ia_vortex_v1/img_1947.jpg,lizard
desafio_ia_vortex_v1/img_1948.jpg,lizard
desafio_ia_vortex_v1/img_1949.jpg,lizard
desafio_ia_vortex_v1/img_1950.jpg,lizard
desafio_ia_vortex_v1/img_1951.jpg,lizard
desafio_ia_vortex_v1/img_1952.jpg,lizard
desafio_ia_vortex_v1/img_1953.jpg,lizard
desafio_ia_vortex_v1/img_1954.jpg,lizard
desafio_ia_vortex_v1/img_1955.jpg,lizard
desafio_ia_vortex_v1/img_1956.jpg,lizard
desafio_ia_vortex_v1/img_1957.jpg,lizard
desafio_ia_vortex_v1/img_1958.jpg,lizard
desafio_ia_vortex_v1/img_1959.jpg,lizard
desafio_ia_vortex_v1/img_1960.jpg,lizard
desafio_ia_vortex_v1/img_1961.jpg,lizard
desafio_ia_vortex_v1/img_1962.jpg,lizard
desafio_ia_vortex_v1/img_1963.jpg,lizard
desafio_ia_vortex_v1/img_1964.jpg,lizard
desafio_ia_vortex_v1/img_1965.jpg,lizard
desafio_ia_vortex_v1/img_1966.jpg,lizard
desafio_ia_vortex_v1/img_1967.jpg,lizard
desafio_ia_vortex_v1/img_1968.jpg,lizard
desafio_ia_vortex_v1/img_1969.jpg,lizard
desafio_ia_vortex_v1/img_1970.jpg,lizard
desafio_ia_vortex_v1/img_1971.jpg,lizard
desafio_ia_vortex_v1/img_1972.jpg,lizard
desafio_ia_vortex_v1/img_1973.jpg,lizard
desafio_ia_vortex_v1/img_1974.jpg,lizard
desafio_ia_vortex_v1/img_1975.jpg,lizard
desafio_ia_vortex_v1/img_1976.jpg,lizard
desafio_ia_vortex_v1/img_1977.jpg,lizard
desafio_ia_vortex_v1/img_1978.jpg,lizard
desafio_ia_vortex_v1/img_1979.jpg,lizard
desafio_ia_vortex_v1/img_1980.jpg,lizard
desafio_ia_vortex_v1/img_1981.jpg,lizard
desafio_ia_vortex_v1/img_1982.jpg,lizard
desafio_ia_vortex_v1/img_1983.jpg,lizard
desafio_ia_vortex_v1/img_1984.jpg,lizard
desafio_ia_vortex_v1/img_1985.jpg,lizard
desafio_ia_vortex_v1/img_1986.jpg,lizard
desafio_ia_vortex_v1/img_1987.jpg,lizard
desafio_ia_vortex_v1/img_1988.jpg,lizard
desafio_ia_vortex_v1/img_1989.jpg,lizard
desafio_ia_vortex_v1/img_1990.jpg,lizard
desafio_ia_vortex_v1/img_1991.jpg,lizard
desafio_ia_vortex_v1/img_1992.jpg,lizard
desafio_ia_vortex_v1/img_1993.jpg,lizard
desafio_ia_vortex_v1/img_1994.jpg,lizard
desafio_ia_vortex_v1/img_1995.jpg,lizard
desafio_ia_vortex_v1/img_1996.jpg,lizard
desafio_ia_vortex_v1/img_1997.jpg,lizard
desafio_ia_vortex_v1/img_1998.jpg,lizard
desafio_ia_vortex_v1/img_1999.jpg,lizard
desafio_ia_vortex_v1/img_2000.jpg,lizard
desafio_ia_vortex_v1/img_2001.jpg,lizard
desafio_ia_vortex_v1/img_2002.jpg,lizard
desafio_ia_vortex_v1/img_2003.jpg,lizard
desafio_ia_vortex_v1/img_2004.jpg,lizard
desafio_ia_vortex_v1/img_2005.jpg,lizard
desafio_ia_vortex_v1/img_2006.jpg,lizard
desafio_ia_vortex_v1/img_2007.jpg,lizard
desafio_ia_vortex_v1/img_2008.jpg,lizard
desafio_ia_vortex_v1/img_2009.jpg,lizard
desafio_ia_vortex_v1/img_2010.jpg,lizard
desafio_ia_vortex_v1/img_2011.jpg,lizard
desafio_ia_vortex_v1/img_2012.jpg,lizard
desafio_ia_vortex_v1/img_2013.jpg,lizard
desafio_ia_vortex_v1/img_2014.jpg,lizard
desafio_ia_vortex_v1/img_2015.jpg,lizard
desafio_ia_vortex_v1/img_2016.jpg,lizard
desafio_ia_vortex_v1/img_2017.jpg,lizard
desafio_ia_vortex_v1/img_2018.jpg,lizard
desafio_ia_vortex_v1/img_2019.jpg,lizard
desafio_ia_vortex_v1/img_2020.jpg,lizard
desafio_ia_vortex_v1/img_2021.jpg,lizard
desafio_ia_vortex_v1/img_2022.jpg,lizard
desafio_ia_vortex_v1/img_2023.jpg,lizard
desafio_ia_vortex_v1/img_2024.jpg,lizard
desafio_ia_vortex_v1/img_2025.jpg,lizard
desafio_ia_vortex_v1/img_2026.jpg,lizard
desafio_ia_vortex_v1/img_2027.jpg,lizard
desafio_ia_vortex_v1/img_2028.jpg,lizard
desafio_ia_vortex_v1/img_2029.jpg,lizard
desafio_ia_vortex_v1/img_2030.jpg,lizard
desafio_ia_vortex_v1/img_2031.jpg,lizard
desafio_ia_vortex_v1/img_2032.jpg,lizard
desafio_ia_vortex_v1/img_2033.jpg,lizard
desafio_ia_vortex_v1/img_2034.jpg,lizard
desafio_ia_vortex_v1/img_2035.jpg,lizard
desafio_ia_vortex_v1/img_2036.jpg,lizard
desafio_ia_vortex_v1/img_2037.jpg,lizard
desafio_ia_vortex_v1/img_2038.jpg,lizard
desafio_ia_vortex_v1/img_2039.jpg,lizard
desafio_ia_vortex_v1/img_2040.jpg,lizard
desafio_ia_vortex_v1/img_2041.jpg,lizard
desafio_ia_vortex_v1/img_2042.jpg,lizard
desafio_ia_vortex_v1/img_2043.jpg,lizard
desafio_ia_vortex_v1/img_2044.jpg,lizard
desafio_ia_vortex_v1/img_2045.jpg,lizard
desafio_ia_vortex_v1/img_2046.jpg,lizard
desafio_ia_vortex_v1/img_2047.jpg,lizard
desafio_ia_vortex_v1/img_2048.jpg,lizard
desafio_ia_vortex_v1/img_2049.jpg,lizard
desafio_ia_vortex_v1/img_2050.jpg,lizard
desafio_ia_vortex_v1/img_2051.jpg,lizard
desafio_ia_vortex_v1/img_2052.jpg,lizard
desafio_ia_vortex_v1/img_2053.jpg,lizard
desafio_ia_vortex_v1/img_2054.jpg,lizard
desafio_ia_vortex_v1/img_2055.jpg,lizard
desafio_ia_vortex_v1/img_2056.jpg,lizard
desafio_ia_vortex_v1/img_2057.jpg,lizard
desafio_ia_vortex_v1/img_2058.jpg,lizard
desafio_ia_vortex_v1/img_2059.jpg,lizard
desafio_ia_vortex_v1/img_2060.jpg,lizard
desafio_ia_vortex_v1/img_2061.jpg,lizard
desafio_ia_vortex_v1/img_2062.jpg,lizard
desafio_ia_vortex_v1/img_2063.jpg,lizard
desafio_ia_vortex_v1/img_2064.jpg,lizard
desafio_ia_vortex_v1/img_2065.jpg,lizard
desafio_ia_vortex_v1/img_2066.jpg,lizard
desafio_ia_vortex_v1/img_2067.jpg,lizard
desafio_ia_vortex_v1/img_2068.jpg,lizard
desafio_ia_vortex_v1/img_2069.jpg,lizard
desafio_ia_vortex_v1/img_2070.jpg,lizard
desafio_ia_vortex_v1/img_2071.jpg,lizard
desafio_ia_vortex_v1/img_2072.jpg,lizard
desafio_ia_vortex_v1/img_2073.jpg,lizard
desafio_ia_vortex_v1/img_2074.jpg,lizard
desafio_ia_vortex_v1/img_2075.jpg,lizard
desafio_ia_vortex_v1/img_2076.jpg,lizard
desafio_ia_vortex_v1/img_2077.jpg,lizard
desafio_ia_vortex_v1/img_2078.jpg,lizard
desafio_ia_vortex_v1/img_2079.jpg,lizard
desafio_ia_vortex_v1/img_2080.jpg,lizard
desafio_ia_vortex_v1/img_2081.jpg,lizard
desafio_ia_vortex_v1/img_2082.jpg,lizard
desafio_ia_vortex_v1/img_2083.jpg,lizard
desafio_ia_vortex_v1/img_2084.jpg,lizard
desafio_ia_vortex_v1/img_2085.jpg,lizard
desafio_ia_vortex_v1/img_2086.jpg,lizard
desafio_ia_vortex_v1/img_2087.jpg,horse
desafio_ia_vortex_v1/img_2088.jpg,horse
desafio_ia_vortex_v1/img_2089.jpg,horse
desafio_ia_vortex_v1/img_2090.jpg,horse
desafio_ia_vortex_v1/img_2091.jpg,horse
desafio_ia_vortex_v1/img_2092.jpg,horse
desafio_ia_vortex_v1/img_2093.jpg,horse
desafio_ia_vortex_v1/img_2094.jpg,horse
desafio_ia_vortex_v1/img_2095.jpg,horse
desafio_ia_vortex_v1/img_2096.jpg,horse
desafio_ia_vortex_v1/img_2097.jpg,horse
desafio_ia_vortex_v1/img_2098.jpg,horse
desafio_ia_vortex_v1/img_2099.jpg,horse
desafio_ia_vortex_v1/img_2100.jpg,horse
desafio_ia_vortex_v1/img_2101.jpg,horse
desafio_ia_vortex_v1/img_2102.jpg,horse
desafio_ia_vortex_v1/img_2103.jpg,horse
desafio_ia_vortex_v1/img_2104.jpg,horse
desafio_ia_vortex_v1/img_2105.jpg,horse
desafio_ia_vortex_v1/img_2106.jpg,horse
desafio_ia_vortex_v1/img_2107.jpg,horse
desafio_ia_vortex_v1/img_2108.jpg,horse
desafio_ia_vortex_v1/img_2109.jpg,horse
desafio_ia_vortex_v1/img_2110.jpg,horse
desafio_ia_vortex_v1/img_2111.jpg,horse
desafio_ia_vortex_v1/img_2112.jpg,horse
desafio_ia_vortex_v1/img_2113.jpg,horse
desafio_ia_vortex_v1/img_2114.jpg,horse
desafio_ia_vortex_v1/img_2115.jpg,horse
desafio_ia_vortex_v1/img_2116.jpg,horse
desafio_ia_vortex_v1/img_2117.jpg,horse
desafio_ia_vortex_v1/img_2118.jpg,horse
desafio_ia_vortex_v1/img_2119.jpg,horse
desafio_ia_vortex_v1/img_2120.jpg,horse
desafio_ia_vortex_v1/img_2121.jpg,horse
desafio_ia_vortex_v1/img_2122.jpg,horse
desafio_ia_vortex_v1/img_2123.jpg,horse
desafio_ia_vortex_v1/img_2124.jpg,horse
desafio_ia_vortex_v1/img_2125.jpg,horse
desafio_ia_vortex_v1/img_2126.jpg,horse
desafio_ia_vortex_v1/img_2127.jpg,horse
desafio_ia_vortex_v1/img_2128.jpg,horse
desafio_ia_vortex_v1/img_2129.jpg,horse
desafio_ia_vortex_v1/img_2130.jpg,horse
desafio_ia_vortex_v1/img_2131.jpg,horse
desafio_ia_vortex_v1/img_2132.jpg,horse
desafio_ia_vortex_v1/img_2133.jpg,horse
desafio_ia_vortex_v1/img_2134.jpg,horse
desafio_ia_vortex_v1/img_2135.jpg,horse
desafio_ia_vortex_v1/img_2136.jpg,horse
desafio_ia_vortex_v1/img_2137.jpg,horse
desafio_ia_vortex_v1/img_2138.jpg,horse
desafio_ia_vortex_v1/img_2139.jpg,horse
desafio_ia_vortex_v1/img_2140.jpg,horse
desafio_ia_vortex_v1/img_2141.jpg,horse
desafio_ia_vortex_v1/img_2142.jpg,horse
desafio_ia_vortex_v1/img_2143.jpg,horse
desafio_ia_vortex_v1/img_2144.jpg,horse
desafio_ia_vortex_v1/img_2145.jpg,horse
desafio_ia_vortex_v1/img_2146.jpg,horse
